0.000000000000,0.003538344041,0.006193571766,0.008573200030,0.006562569211,0.007392993068,0.007891184282,0.003109897267,0.002908950705,0.000842236712
0.010000000000,0.013586050217,0.014539314921,0.018062075955,0.016572870031,0.016630478149,0.017319705479,0.012287055444,0.012505528385,0.010234553261
0.020000000000,0.023690573723,0.022949740783,0.027594469669,0.026661615645,0.025921302846,0.026831414508,0.021539517610,0.022177015293,0.019708571228
0.030000000000,0.033850155325,0.031427451972,0.037169329815,0.036827476232,0.035264488497,0.036424440732,0.030865101703,0.031920729758,0.029262255488
0.040000000000,0.044063004460,0.039974922717,0.046785622054,0.047069017313,0.044659003302,0.046096741537,0.040261490973,0.041733868493,0.038893429822
0.050000000000,0.054327299731,0.048594483158,0.056442328103,0.057384697587,0.054103759933,0.055846104014,0.049726237404,0.051613511112,0.048599778827
0.060000000000,0.064641189414,0.057288304270,0.066138444647,0.067772867023,0.063597613247,0.065670147205,0.059256765508,0.061556624950,0.058378850198
0.070000000000,0.075002791978,0.066058383459,0.075872982108,0.078231765221,0.073139358122,0.075566324879,0.068850376483,0.071560070178,0.068228057393
0.080000000000,0.085410196625,0.074906530902,0.085644963295,0.088759520038,0.082727727432,0.085531928848,0.078504252719,0.081620605195,0.078144682665
0.090000000000,0.095861463834,0.083834356676,0.095453421919,0.099354146508,0.092361390156,0.095564092816,0.088215462642,0.091734892278,0.088125880453
0.100000000000,0.106354625926,0.092843258736,0.105297400997,0.110013546045,0.102038949650,0.105659796737,0.097980965881,0.101899503478,0.098168681129
0.110000000000,0.116887687641,0.101934411790,0.115175951137,0.120735505945,0.111758942072,0.115815871677,0.107797618730,0.112110926740,0.108269995086
0.120000000000,0.127458626727,0.111108757115,0.125088128714,0.131517699192,0.121519834990,0.126029005173,0.117662179909,0.122365572225,0.118426617162
0.130000000000,0.138065394541,0.120366993354,0.135032993940,0.142357684574,0.131320026164,0.136295747050,0.127571316578,0.132659778821,0.128635231379
0.140000000000,0.148705916663,0.129709568334,0.145009608843,0.153252907102,0.141157842518,0.146612515706,0.137521610613,0.142989820824,0.138892415991
0.150000000000,0.159378093528,0.139136671931,0.155017035149,0.164200698752,0.151031539311,0.156975604820,0.147509565103,0.153351914759,0.149194648827
0.160000000000,0.170079801059,0.148648230020,0.165054332084,0.175198279514,0.160939299506,0.167381190480,0.157531611050,0.163742226328,0.159538312911
0.170000000000,0.180808891322,0.158243899521,0.175120554093,0.186242758759,0.170879233349,0.177825338694,0.167584114265,0.174156877460,0.169919702337
0.180000000000,0.191563193189,0.167923064566,0.185214748496,0.197331136922,0.180849378165,0.188304013267,0.177663382417,0.184591953444,0.180335028403
0.190000000000,0.202340513010,0.177684833802,0.195335953079,0.208460307491,0.190847698363,0.198813084020,0.187765672228,0.195043510122,0.190780425957
0.200000000000,0.213138635302,0.187528038830,0.205483193626,0.219627059314,0.200872085666,0.209348335311,0.197887196779,0.205507581118,0.201251959965
0.210000000000,0.223955323442,0.197451233793,0.215655481410,0.230828079199,0.210920359567,0.219905474850,0.208024132917,0.215980185084,0.211745632258
0.220000000000,0.234788320375,0.207452696108,0.225851810643,0.242059954821,0.220990268006,0.230480142755,0.218172628725,0.226457332938,0.222257388459
0.230000000000,0.245635349333,0.217530428329,0.236071155897,0.253319177925,0.231079488269,0.241067920839,0.228328811037,0.236935035074,0.232783125053
0.240000000000,0.256494114559,0.227682161143,0.246312469497,0.264602147803,0.241185628123,0.251664342080,0.238488792975,0.247409308524,0.243318696592
0.250000000000,0.267362302047,0.237905357473,0.256574678908,0.275905175060,0.251306227164,0.262264900255,0.248648681485,0.257876184045,0.253859923001
0.260000000000,0.278237580286,0.248197217669,0.266856684115,0.287224485641,0.261438758394,0.272865059698,0.258804584841,0.268331713111,0.264402596979
0.270000000000,0.289117601017,0.258554685761,0.277157355001,0.298556225118,0.271580630018,0.283460265146,0.268952620099,0.278771974800,0.274942491462
0.280000000000,0.300000000000,0.268974456756,0.287475528744,0.309896463222,0.281729187458,0.294045951650,0.279088920471,0.289193082534,0.285475367126
0.290000000000,0.310882397780,0.279452984920,0.297810007231,0.321241198609,0.291881715574,0.304617554502,0.289209642610,0.299591190675,0.295996979914
0.300000000000,0.321762400475,0.289986493035,0.308159554502,0.332586363852,0.302035441103,0.315170519161,0.299310973760,0.309962500940,0.306503088565
0.310000000000,0.332637600560,0.300570982564,0.318522894233,0.343927830630,0.312187535287,0.325700311127,0.309389138766,0.320303268628,0.316989462112
0.320000000000,0.343505577670,0.311202244697,0.328898707265,0.355261415120,0.322335116705,0.336202425739,0.319440406921,0.330609808634,0.327451887345
0.330000000000,0.354363899397,0.321875872214,0.339285629189,0.366582883560,0.332475254288,0.346672397862,0.329461098616,0.340878501236,0.337886176196
0.340000000000,0.365210122104,0.332587272118,0.349682247988,0.377887957980,0.342604970512,0.357105811429,0.339447591784,0.351105797636,0.348288173044
0.350000000000,0.376041791745,0.343331678985,0.360087101764,0.389172322070,0.352721244768,0.367498308800,0.349396328115,0.361288225247,0.358653761908
0.360000000000,0.386856444683,0.354104168960,0.370498676530,0.400431627185,0.362821016881,0.377845599914,0.359303819020,0.371422392700,0.368978873504
0.370000000000,0.397651608526,0.364899674349,0.380915404097,0.411661498455,0.372901190790,0.388143471197,0.369166651331,0.381504994561,0.379259492158
0.380000000000,0.408424802959,0.375712998735,0.391335660061,0.422857540988,0.382958638360,0.398387794193,0.378981492710,0.391532815758,0.389491662542
0.390000000000,0.419173540584,0.386538832553,0.401757761879,0.434015346158,0.392990203327,0.408574533896,0.388745096765,0.401502735686,0.399671496221
0.400000000000,0.429895327767,0.397371769055,0.412179967069,0.445130497934,0.402992705352,0.418699756749,0.398454307841,0.411411731990,0.409795177992
0.410000000000,0.440587665489,0.408206320598,0.422600471518,0.456198579257,0.412962944192,0.428759638280,0.408106065493,0.421256884027,0.419858971991
0.420000000000,0.451248050201,0.419036935178,0.433017407920,0.467215178437,0.422897703941,0.438750470352,0.417697408603,0.431035375972,0.429859227558
0.430000000000,0.461873974676,0.429858013141,0.443428844338,0.478175895548,0.432793757370,0.448668668007,0.427225479150,0.440744499589,0.439792384839
0.440000000000,0.472462928882,0.440663923998,0.453832782909,0.489076348797,0.442647870316,0.458510775870,0.436687525615,0.450381656647,0.449654980110
0.450000000000,0.483012400836,0.451449023270,0.464227158686,0.499912180875,0.452456806127,0.468273474095,0.446080906010,0.459944360974,0.459443650813
0.460000000000,0.493519877480,0.462207669290,0.474609838629,0.510679065228,0.462217330142,0.477953583841,0.455403090525,0.469430240155,0.469155140276
0.470000000000,0.503982845546,0.472934239884,0.484978620749,0.521372712276,0.471926214191,0.487548072246,0.464651663789,0.478837036866,0.478786302128
0.480000000000,0.514398792434,0.483623148873,0.495331233415,0.531988875523,0.481580241104,0.497054056892,0.473824326735,0.488162609844,0.488334104368
0.490000000000,0.524765207080,0.494268862303,0.505665334809,0.542523357566,0.491176209215,0.506468809743,0.482918898074,0.497404934489,0.497795633107
0.500000000000,0.535079580837,0.504865914353,0.515978512563,0.552972015974,0.500710936836,0.515789760542,0.491933315363,0.506562103117,0.507168095946
0.510000000000,0.545339408350,0.515408922842,0.526268283554,0.563330769018,0.510181266704,0.525014499657,0.500865635681,0.515632324836,0.516448825007
0.520000000000,0.555542188434,0.525892604264,0.536532093879,0.573595601247,0.519584070371,0.534140780368,0.509714035896,0.524613925080,0.525635279585
0.530000000000,0.565685424949,0.536311788301,0.546767318998,0.583762568879,0.528916252533,0.543166520587,0.518476812548,0.533505344790,0.534725048438
0.540000000000,0.575766627683,0.546661431736,0.556971264062,0.593827805005,0.538174755275,0.552089804003,0.527152381327,0.542305139247,0.543715851692
0.550000000000,0.585783313225,0.556936631719,0.567141164413,0.603787524581,0.547356562232,0.560908880659,0.535739276168,0.551011976568,0.552605542364
0.560000000000,0.595733005843,0.567132638318,0.577274186277,0.613638029206,0.556458702634,0.569622166947,0.544236147963,0.559624635881,0.561392107508
0.570000000000,0.605613238362,0.577244866309,0.587367427620,0.623375711652,0.565478255237,0.578228245031,0.552641762896,0.568142005175,0.570073668971
0.580000000000,0.615421553035,0.587268906156,0.597417919206,0.632997060163,0.574412352125,0.586725861704,0.560955000413,0.576563078841,0.578648483759
0.590000000000,0.625155502417,0.597200534126,0.607422625826,0.642498662486,0.583258182357,0.595113926671,0.569174850831,0.584886954919,0.587114944030
0.600000000000,0.634812650234,0.607035721508,0.617378447712,0.651877209633,0.592012995472,0.603391510283,0.577300412610,0.593112832061,0.595471576693
0.610000000000,0.644390572251,0.616770642883,0.627282222128,0.661129499367,0.600674104814,0.611557840720,0.585330889286,0.601240006217,0.603717042639
0.620000000000,0.653886857138,0.626401683430,0.637130725155,0.670252439402,0.609238890692,0.619612300637,0.593265586082,0.609267867072,0.611850135592
0.630000000000,0.663299107329,0.635925445215,0.646920673632,0.679243050305,0.617704803337,0.627554423290,0.601103906221,0.617195894233,0.619869780594
0.640000000000,0.672624939883,0.645338752455,0.656648727296,0.688098468097,0.626069365678,0.635383888151,0.608845346942,0.625023653196,0.627775032131
0.650000000000,0.681861987334,0.654638655730,0.666311491078,0.696815946546,0.634330175900,0.643100516039,0.616489495252,0.632750791092,0.635565071904
0.660000000000,0.691007898542,0.663822435126,0.675905517580,0.705392859151,0.642484909796,0.650704263777,0.624036023411,0.640377032254,0.643239206259
0.670000000000,0.700060339542,0.672887602292,0.685427309710,0.713826700810,0.650531322895,0.658195218400,0.631484684189,0.647902173592,0.650796863282
0.680000000000,0.709016994375,0.681831901418,0.694873323490,0.722115089163,0.658467252365,0.665573590934,0.638835305901,0.655326079818,0.658237589577
0.690000000000,0.717875565931,0.690653309122,0.704239971016,0.730255765627,0.666290618680,0.672839709777,0.646087787241,0.662648678531,0.665561046724
0.700000000000,0.726633776771,0.699350033243,0.713523623571,0.738246596106,0.673999427058,0.679994013698,0.653242091944,0.669869955172,0.672767007455
0.710000000000,0.735289369957,0.707920510564,0.722720614891,0.746085571380,0.681591768651,0.687037044487,0.660298243279,0.676989947886,0.679855351537
0.720000000000,0.743840109859,0.716363403463,0.731827244569,0.753770807180,0.689065821491,0.693969439282,0.667256318420,0.684008742288,0.686826061387
0.730000000000,0.752283782971,0.724677595517,0.740839781605,0.761300543952,0.696419851200,0.700791922603,0.674116442690,0.690926466178,0.693679217448
0.740000000000,0.760618198715,0.732862186078,0.749754468077,0.768673146305,0.703652211443,0.707505298124,0.680878783718,0.697743284191,0.700414993310
0.750000000000,0.768841190226,0.740916483844,0.758567522941,0.775887102162,0.710761344140,0.714110440212,0.687543545525,0.704459392441,0.707033650628
0.760000000000,0.776950615152,0.748839999469,0.767275145951,0.782941021602,0.717745779429,0.720608285267,0.694110962561,0.711075013136,0.713535533835
0.770000000000,0.784944356423,0.756632437224,0.775873521686,0.789833635424,0.724604135389,0.726999822897,0.700581293713,0.717590389223,0.719921064663
0.780000000000,0.792820323028,0.764293685778,0.784358823680,0.796563793415,0.731335117514,0.733286086955,0.706954816315,0.724005779050,0.726190736512
0.790000000000,0.800576450771,0.771823808112,0.792727218648,0.803130462347,0.737937517957,0.739468146485,0.713231820175,0.730321451076,0.732345108669
0.800000000000,0.808210703031,0.779223030642,0.800974870803,0.809532723718,0.744410214535,0.745547096595,0.719412601639,0.736537678658,0.738384800393
0.810000000000,0.815721071501,0.786491731578,0.809097946241,0.815769771223,0.750752169504,0.751524049305,0.725497457719,0.742654734909,0.744310484907
0.820000000000,0.823105576922,0.793630428588,0.817092617409,0.821840907995,0.756962428113,0.757400124393,0.731486680310,0.748672887668,0.750122883289
0.830000000000,0.830362269809,0.800639765825,0.824955067626,0.827745543610,0.763040116940,0.763176440284,0.737380550505,0.754592394577,0.755822758307
0.840000000000,0.837489231164,0.807520500363,0.832681495661,0.833483190875,0.768984442026,0.768854105014,0.743179333039,0.760413498299,0.761410908201
0.850000000000,0.844484573177,0.814273488130,0.840268120353,0.839053462414,0.774794686794,0.774434207292,0.748883270878,0.766136421889,0.766888160437
0.860000000000,0.851346439923,0.820899669374,0.847711185265,0.844456067057,0.780470209793,0.779917807710,0.754492579975,0.771761364315,0.772255365459
0.870000000000,0.858073008036,0.827400053762,0.855006963363,0.849690806066,0.786010442248,0.785305930120,0.760007444203,0.777288496176,0.777513390448
0.880000000000,0.864662487386,0.833775705153,0.862151761717,0.854757569189,0.791414885448,0.790599553226,0.765428010498,0.782717955597,0.782663113116
0.890000000000,0.871113121733,0.840027726140,0.869141926197,0.859656330576,0.796683107963,0.795799602402,0.770754384215,0.788049844335,0.787705415550
0.900000000000,0.877423189373,0.846157242412,0.875973846177,0.864387144567,0.801814742724,0.800906941780,0.775986624720,0.793284224101,0.792641178131
0.910000000000,0.883591003775,0.852165387037,0.882643959218,0.868950141361,0.806809483958,0.805922366646,0.781124741231,0.798421113107,0.797471273537
0.920000000000,0.889614914195,0.858053284707,0.889148755733,0.873345522603,0.811667084003,0.810846596144,0.786168688924,0.803460482851,0.802196560853
0.930000000000,0.895493306293,0.863822036054,0.895484783621,0.877573556876,0.816387350008,0.815680266349,0.791118365318,0.808402255148,0.806817879815
0.940000000000,0.901224602724,0.869472702086,0.901648652859,0.881634575146,0.820970140542,0.820423923709,0.795973606946,0.813246299412,0.811336045187
0.950000000000,0.906807263719,0.875006288828,0.907637040036,0.885528966152,0.825415362112,0.825078018892,0.800734186327,0.817992430205,0.815751841299
0.960000000000,0.912239787655,0.880423732247,0.913446692842,0.889257171773,0.829722965618,0.829642901063,0.805399809252,0.822640405046,0.820066016770
0.970000000000,0.917520711613,0.885725883523,0.919074434471,0.892819682384,0.833892942744,0.834118812606,0.809970112384,0.827189922493,0.824279279407
0.980000000000,0.922648611911,0.890913494744,0.924517167959,0.896217032217,0.837925322315,0.838505884311,0.814444661187,0.831640620508,0.828392291320
0.990000000000,0.927622104640,0.895987205096,0.929771880423,0.899449794745,0.841820166626,0.842804131049,0.818822948187,0.835992075091,0.832405664252
1.000000000000,0.932439846168,0.900947527613,0.934835647216,0.902518578104,0.845577567758,0.847013447947,0.823104391569,0.840243799201,0.836319955142
1.010000000000,0.937100533642,0.905794836557,0.939705635962,0.905424020573,0.849197643893,0.851133607080,0.827288334118,0.844395241957,0.840135661932
1.020000000000,0.941602905470,0.910529355484,0.944379110490,0.908166786121,0.852680535653,0.855164254689,0.831374042500,0.848445788116,0.843853219629
1.030000000000,0.945945741788,0.915151146070,0.948853434643,0.910747560042,0.856026402465,0.859104908934,0.835360706892,0.852394757845,0.847472996637
1.040000000000,0.950127864912,0.919660097741,0.953126075949,0.913167044692,0.859235418974,0.862954958200,0.839247440953,0.856241406751,0.850995291355
1.050000000000,0.954148139774,0.924055918172,0.957194609167,0.915425955341,0.862307771519,0.866713659952,0.843033282137,0.859984926206,0.854420329072
1.060000000000,0.958005474346,0.928338124699,0.961056719680,0.917525016151,0.865243654674,0.870380140144,0.846717192353,0.863624443931,0.857748259141
1.070000000000,0.961698820044,0.932506036693,0.964710206734,0.919464956298,0.868043267884,0.873953393189,0.850298058954,0.867159024849,0.860979152457
1.080000000000,0.965227172116,0.936558768947,0.968152986525,0.921246506252,0.870706812200,0.877432282492,0.853774696063,0.870587672201,0.864112999243
1.090000000000,0.968589570015,0.940495226104,0.971383095117,0.922870394217,0.873234487123,0.880815541533,0.857145846222,0.873909328915,0.867149707128
1.100000000000,0.971785097761,0.944314098163,0.974398691183,0.924337342754,0.875626487576,0.884101775507,0.860410182356,0.877122879218,0.870089099559
1.110000000000,0.974812884274,0.948013857104,0.977198058575,0.925648065587,0.877883001014,0.887289463508,0.863566310057,0.880227150489,0.872930914503
1.120000000000,0.977672103704,0.951592754642,0.979779608710,0.926803264610,0.880004204679,0.890376961257,0.866612770153,0.883220915338,0.875674803485
1.130000000000,0.980361975735,0.955048821141,0.982141882763,0.927803627098,0.881990263011,0.893362504352,0.869548041577,0.886102893911,0.878320330927
1.140000000000,0.982881765877,0.958379865706,0.984283553671,0.928649823129,0.883841325237,0.896244212038,0.872370544510,0.888871756391,0.880866973810
1.150000000000,0.985230785737,0.961583477449,0.986203427936,0.929342503229,0.885557523125,0.899020091478,0.875078643786,0.891526125710,0.883314121648
1.160000000000,0.987408393277,0.964657027955,0.987900447232,0.929882296242,0.887138968932,0.901688042514,0.877670652553,0.894064580436,0.885661076769
1.170000000000,0.989413993055,0.967597674934,0.989373689802,0.930269807434,0.888585753542,0.904245862892,0.880144836172,0.896485657839,0.887907054911
1.180000000000,0.991247036441,0.970402367060,0.990622371648,0.930505616824,0.889897944807,0.906691253944,0.882499416326,0.898787857114,0.890051186113
1.190000000000,0.992907021828,0.973067849986,0.991645847514,0.930590277761,0.891075586088,0.909021826690,0.884732575354,0.900969642761,0.892092515912
1.200000000000,0.994393494814,0.975590673525,0.992443611649,0.930524315739,0.892118695017,0.911235108353,0.886842460755,0.903029448084,0.894030006828
1.210000000000,0.995706048372,0.977967199969,0.993015298367,0.930308227450,0.893027262467,0.913328549258,0.888827189880,0.904965678824,0.895862540128
1.220000000000,0.996844323006,0.980193613528,0.993360682375,0.929942480085,0.893801251748,0.915299530084,0.890684854772,0.906776716892,0.897588917881
1.230000000000,0.997808006877,0.982265930853,0.993479678902,0.929427510870,0.894440598018,0.917145369446,0.892413527137,0.908460924196,0.899207865265
1.240000000000,0.998596835929,0.984180012620,0.993372343600,0.928763726843,0.894945207926,0.918863331786,0.894011263448,0.910016646547,0.900718033149
1.250000000000,0.999210593978,0.985931576122,0.993038872228,0.927951504872,0.895314959471,0.920450635536,0.895476110134,0.911442217626,0.902118000910
1.260000000000,0.999649112800,0.987516208827,0.992479600126,0.926991191896,0.895549702099,0.921904461521,0.896806108856,0.912735963001,0.903406279497
1.270000000000,0.999912272187,0.988929382870,0.991695001470,0.925883105409,0.895649257007,0.923221961580,0.897999301849,0.913896204184,0.904581314721
1.280000000000,1.000000000000,0.990166470398,0.990685688309,0.924627534156,0.895613417685,0.924400267372,0.899053737295,0.914921262699,0.905641490760
1.290000000000,0.999912272187,0.991222759744,0.989452409402,0.923224739050,0.895441950668,0.925436499329,0.899967474727,0.915809464166,0.906585133861
1.300000000000,0.999649112800,0.992093472334,0.987996048830,0.921674954305,0.895134596504,0.926327775724,0.900738590437,0.916559142369,0.907410516244
1.310000000000,0.999210593978,0.992773780301,0.986317624414,0.919978388764,0.894691070943,0.927071221832,0.901365182864,0.917168643312,0.908115860174
1.320000000000,0.998596835929,0.993258824702,0.984418285923,0.918135227429,0.894111066317,0.927663979142,0.901845377950,0.917636329228,0.908699342198
1.330000000000,0.997808006877,0.993543734293,0.982299313081,0.916145633171,0.893394253136,0.928103214577,0.902177334443,0.917960582558,0.909159097537
1.340000000000,0.996844323006,0.993623644781,0.979962113386,0.914009748621,0.892540281866,0.928386129717,0.902359249131,0.918139809848,0.909493224604
1.350000000000,0.995706048372,0.993493718470,0.977408219726,0.911727698227,0.891548784897,0.928509969962,0.902389361982,0.918172445594,0.909699789651
1.360000000000,0.994393494814,0.993149164234,0.974639287821,0.909299590460,0.890419378688,0.928472033622,0.902265961181,0.918056955989,0.909776831522
1.370000000000,0.992907021828,0.992585257729,0.971657093473,0.906725520172,0.889151666081,0.928269680888,0.901987388045,0.917791842578,0.909722366492
1.380000000000,0.991247036441,0.991797361763,0.968463529650,0.904005571080,0.887745238773,0.927900342664,0.901552041793,0.917375645813,0.909534393193
1.390000000000,0.989413993055,0.990780946749,0.965060603392,0.901139818373,0.886199679932,0.927361529227,0.900958384166,0.916806948485,0.909210897593
1.400000000000,0.987408393277,0.989531611146,0.961450432560,0.898128331423,0.884514566960,0.926650838664,0.900204943876,0.916084379029,0.908749858027
1.410000000000,0.985230785737,0.988045101808,0.957635242429,0.894971176596,0.882689474370,0.925765965097,0.899290320864,0.915206614703,0.908149250267
1.420000000000,0.982881765877,0.986317334159,0.953617362126,0.891668420137,0.880723976784,0.924704706621,0.898213190374,0.914172384621,0.907407052602
1.430000000000,0.980361975735,0.984344412106,0.949399220933,0.888220131129,0.878617652034,0.923464972963,0.896972306800,0.912980472629,0.906521250928
1.440000000000,0.977672103704,0.982122647609,0.944983344454,0.884626384499,0.876370084342,0.922044792814,0.895566507323,0.911629720039,0.905489843829
1.450000000000,0.974812884274,0.979648579816,0.940372350652,0.880887264075,0.873980867586,0.920442320823,0.893994715313,0.910119028190,0.904310847635
1.460000000000,0.971785097761,0.976918993693,0.935568945774,0.877002865660,0.871449608618,0.918655844216,0.892255943486,0.908447360841,0.902982301445
1.470000000000,0.968589570015,0.973930938060,0.930575920162,0.872973300123,0.868775930641,0.916683789028,0.890349296810,0.906613746407,0.901502272097
1.480000000000,0.965227172116,0.970681742953,0.925396143968,0.868798696495,0.865959476607,0.914524725919,0.888273975158,0.904617279997,0.899868859080
1.490000000000,0.961698820044,0.967169036243,0.920032562772,0.864479205042,0.862999912649,0.912177375563,0.886029275684,0.902457125298,0.898080199376
1.500000000000,0.958005474346,0.963390759425,0.914488193123,0.860015000319,0.859896931504,0.909640613578,0.883614594944,0.900132516259,0.896134472206
1.510000000000,0.954148139774,0.959345182523,0.908766118000,0.855406284181,0.856650255944,0.906913475003,0.881029430724,0.897642758611,0.894029903690
1.520000000000,0.950127864912,0.955030918019,0.902869482214,0.850653288743,0.853259642170,0.903995158286,0.878273383605,0.894987231188,0.891764771394
1.530000000000,0.945945741788,0.950446933768,0.896801487757,0.845756279271,0.849724883176,0.900885028775,0.875346158234,0.892165387086,0.889337408762
1.540000000000,0.941602905470,0.945592564808,0.890565389098,0.840715557006,0.846045812067,0.897582621723,0.872247564321,0.889176754625,0.886746209417
1.550000000000,0.937100533642,0.940467524037,0.884164488454,0.835531461889,0.842222305306,0.894087644757,0.868977517347,0.886020938145,0.883989631336
1.560000000000,0.932439846168,0.935071911676,0.877602131028,0.830204375192,0.838254285884,0.890399979848,0.865536038995,0.882697618616,0.881066200867
1.570000000000,0.927622104640,0.929406223491,0.870881700236,0.824734722039,0.834141726405,0.886519684748,0.861923257301,0.879206554087,0.877974516606
1.580000000000,0.922648611911,0.923471357716,0.864006612925,0.819122973808,0.829884652063,0.882446993898,0.858139406523,0.875547579954,0.874713253109
1.590000000000,0.917520711613,0.917268620643,0.856980314598,0.813369650400,0.825483143507,0.878182318812,0.854184826741,0.871720609076,0.871281164439
1.600000000000,0.912239787655,0.910799730839,0.849806274653,0.807475322373,0.820937339572,0.873726247934,0.850059963192,0.867725631720,0.867677087547
1.610000000000,0.906807263719,0.904066821975,0.842487981640,0.801440612931,0.816247439878,0.869079545970,0.845765365335,0.863562715364,0.863899945470
1.620000000000,0.901224602724,0.897072444218,0.835028938561,0.795266199755,0.811413707278,0.864243152698,0.841301685674,0.859232004348,0.859948750353
1.630000000000,0.895493306293,0.889819564196,0.827432658202,0.788952816680,0.806436470142,0.859218181268,0.836669678318,0.854733719381,0.855822606284
1.640000000000,0.889614914195,0.882311563498,0.819702658530,0.782501255198,0.801316124477,0.854005916000,0.831870197319,0.850068156924,0.851520711948
1.650000000000,0.883591003775,0.874552235723,0.811842458138,0.775912365795,0.796053135859,0.848607809683,0.826904194773,0.845235688440,0.847042363083
1.660000000000,0.877423189373,0.866545782051,0.803855571773,0.769187059110,0.790648041195,0.843025480397,0.821772718700,0.840236759531,0.842386954750
1.670000000000,0.871113121733,0.858296805374,0.795745505934,0.762326306918,0.785101450270,0.837260707866,0.816476910728,0.835071888966,0.837553983410
1.680000000000,0.864662487386,0.849810302958,0.787515754567,0.755331142922,0.779414047110,0.831315429360,0.811018003573,0.829741667609,0.832543048807
1.690000000000,0.858073008036,0.841091657690,0.779169794853,0.748202663368,0.773586591127,0.825191735158,0.805397318337,0.824246757255,0.827353855660
1.700000000000,0.851346439923,0.832146627895,0.770711083102,0.740942027471,0.767619918059,0.818891863605,0.799616261645,0.818587889385,0.821986215160
1.710000000000,0.844484573177,0.822981335781,0.762143050758,0.733550457655,0.761514940688,0.812418195761,0.793676322611,0.812765863850,0.816440046282
1.720000000000,0.837489231164,0.813602254521,0.753469100536,0.726029239606,0.755272649344,0.805773249687,0.787579069680,0.806781547492,0.810715376900
1.730000000000,0.830362269809,0.804016194030,0.744692602674,0.718379722138,0.748894112178,0.798959674372,0.781326147326,0.800635872708,0.804812344726
1.740000000000,0.823105576922,0.794230285458,0.735816891330,0.710603316882,0.742380475222,0.791980243338,0.774919272653,0.794329835977,0.798731198055
1.750000000000,0.815721071501,0.784251964471,0.726845261122,0.702701497788,0.735732962212,0.784837847940,0.768360231879,0.787864496347,0.792472296337
1.760000000000,0.808210703031,0.774088953356,0.717780963816,0.694675800450,0.728952874197,0.777535490391,0.761650876761,0.781240973904,0.786036110572
1.770000000000,0.800576450771,0.763749242016,0.708627205167,0.686527821261,0.722041588916,0.770076276540,0.754793120931,0.774460448216,0.779423223529
1.780000000000,0.792820323028,0.753241067917,0.699387141927,0.678259216395,0.715000559958,0.762463408430,0.747788936197,0.767524156784,0.772634329803
1.790000000000,0.784944356423,0.742572895057,0.690063879018,0.669871700634,0.707831315698,0.754700176658,0.740640348797,0.760433393484,0.765670235705
1.800000000000,0.776950615152,0.731753392022,0.680660466877,0.661367046026,0.700535458022,0.746789952576,0.733349435640,0.753189507031,0.758531858998
1.810000000000,0.768841190226,0.720791409211,0.671179898978,0.652747080401,0.693114660837,0.738736180362,0.725918320537,0.745793899455,0.751220228482
1.820000000000,0.760618198715,0.709695955309,0.661625109532,0.644013685746,0.685570668377,0.730542368981,0.718349170445,0.738248024614,0.743736483426
1.830000000000,0.752283782971,0.698476173086,0.651998971381,0.635168796434,0.677905293307,0.722212084074,0.710644191733,0.730553386735,0.736081872875
1.840000000000,0.743840109859,0.687141314613,0.642304294067,0.626214397338,0.670120414634,0.713748939807,0.702805626495,0.722711539007,0.728257754807
1.850000000000,0.735289369957,0.675700715981,0.632543822104,0.617152521820,0.662217975436,0.705156590701,0.694835748905,0.714724082220,0.720265595177
1.860000000000,0.726633776771,0.664163771610,0.622720233436,0.607985249612,0.654199980407,0.696438723487,0.686736861651,0.706592663462,0.712106966829
1.870000000000,0.717875565931,0.652539908251,0.612836138093,0.598714704602,0.646068493240,0.687599048996,0.678511292445,0.698318974879,0.703783548305
1.880000000000,0.709016994375,0.640838558770,0.602894077043,0.589343052524,0.637825633847,0.678641294139,0.670161390632,0.689904752509,0.695297122539
1.890000000000,0.700060339542,0.629069135798,0.592896521245,0.579872498578,0.629473575435,0.669569193979,0.661689523895,0.681351775182,0.686649575453
1.900000000000,0.691007898542,0.617241005374,0.582845870893,0.570305284971,0.621014541440,0.660386483947,0.653098075094,0.672661863504,0.677842894461
1.910000000000,0.681861987334,0.605363460643,0.572744454871,0.560643688408,0.612450802336,0.651096892210,0.644389439223,0.663836878920,0.668879166880
1.920000000000,0.672624939883,0.593445695734,0.562594530390,0.550890017536,0.603784672334,0.641704132236,0.635566020507,0.654878722867,0.659760578270
1.930000000000,0.663299107329,0.581496779902,0.552398282839,0.541046610347,0.595018505976,0.632211895562,0.626630229661,0.645789336006,0.650489410690
1.940000000000,0.653886857138,0.569525632034,0.542157825818,0.531115831561,0.586154694637,0.622623844816,0.617584481291,0.636570697551,0.641068040891
1.950000000000,0.644390572251,0.557540995620,0.531875201375,0.521100069993,0.577195662960,0.612943606985,0.608431191473,0.627224824690,0.631498938443
1.960000000000,0.634812650234,0.545551414270,0.521552380430,0.511001735919,0.568143865215,0.603174766982,0.599172775500,0.617753772090,0.621784663813
1.970000000000,0.625155502417,0.533565207891,0.511191263389,0.500823258446,0.559001781628,0.593320861510,0.589811645815,0.608159631500,0.611927866387
1.980000000000,0.615421553035,0.521590449597,0.500793680944,0.490567082903,0.549771914652,0.583385373265,0.580350210122,0.598444531441,0.601931282444
1.990000000000,0.605613238362,0.509634943448,0.490361395056,0.480235668264,0.540456785241,0.573371725471,0.570790869694,0.588610636993,0.591797733099
2.000000000000,0.595733005843,0.497706203106,0.479896100117,0.469831484609,0.531058929093,0.563283276788,0.561136017869,0.578660149656,0.581530122205
2.010000000000,0.585783313225,0.485811431486,0.469399424284,0.459357010628,0.521580892921,0.553123316597,0.551388038751,0.568595307314,0.571131434227
2.020000000000,0.575766627683,0.473957501490,0.458872930983,0.448814731196,0.512025230731,0.542895060671,0.541549306098,0.558418384261,0.560604732086
2.030000000000,0.565685424949,0.462150937881,0.448318120577,0.438207135006,0.502394500141,0.532601647266,0.531622182419,0.548131691326,0.549953154988
2.040000000000,0.555542188434,0.450397900397,0.437736432189,0.427536712286,0.492691258745,0.522246133609,0.521609018262,0.537737576053,0.539179916229
2.050000000000,0.545339408350,0.438704168145,0.427129245683,0.416805952599,0.482918060542,0.511831492828,0.511512151712,0.527238422963,0.528288300987
2.060000000000,0.535079580837,0.427075125357,0.416497883784,0.406017342740,0.473077452441,0.501360611304,0.501333908067,0.516636653876,0.517281664105
2.070000000000,0.524765207080,0.415515748552,0.405843614340,0.395173364728,0.463171970847,0.490836286466,0.491076599726,0.505934728285,0.506163427854
2.080000000000,0.514398792434,0.404030595169,0.395167652717,0.384276493912,0.453204138360,0.480261225024,0.480742526253,0.495135143791,0.494937079707
2.090000000000,0.503982845546,0.392623793707,0.384471164309,0.373329197193,0.443176460576,0.469638041647,0.470333974634,0.484240436575,0.483606170086
2.100000000000,0.493519877480,0.381299035424,0.373755267180,0.362333931358,0.433091423017,0.458969258086,0.459853219706,0.473253181911,0.472174310125
2.110000000000,0.483012400836,0.370059567622,0.363021034798,0.351293141550,0.422951488197,0.448257302740,0.449302524766,0.462175994704,0.460645169420
2.120000000000,0.472462928882,0.358908188555,0.352269498881,0.340209259858,0.412759092838,0.437504510652,0.438684142344,0.451011530058,0.449022473777
2.130000000000,0.461873974676,0.347847243981,0.341501652329,0.329084704050,0.402516645234,0.426713123951,0.428000315128,0.439762483846,0.437310002962
2.140000000000,0.451248050201,0.336878625372,0.330718452236,0.317921876435,0.392226522790,0.415885292710,0.417253277049,0.428431593297,0.425511588453
2.150000000000,0.440587665489,0.326003769810,0.319920822983,0.306723162868,0.381891069729,0.405023076227,0.406445254498,0.417021637567,0.413631111184
2.160000000000,0.429895327767,0.315223661545,0.309109659394,0.295490931897,0.371512594988,0.394128444716,0.395578467674,0.405535438307,0.401672499294
2.170000000000,0.419173540584,0.304538835246,0.298285829938,0.284227534047,0.361093370298,0.383203281382,0.384655132059,0.393975860204,0.389639725871
2.180000000000,0.408424802959,0.293949380918,0.287450179993,0.272935301253,0.350635628463,0.372249384894,0.373677459991,0.382345811491,0.377536806690
2.190000000000,0.397651608526,0.283454950475,0.276603535133,0.261616546430,0.340141561846,0.361268472215,0.362647662346,0.370648244418,0.365367797957
2.200000000000,0.386856444683,0.273054765950,0.265746704448,0.250273563181,0.329613321052,0.350262181786,0.351567950293,0.358886155675,0.353136794034
2.210000000000,0.376041791745,0.262747629322,0.254880483883,0.238908625656,0.319053013834,0.339232077044,0.340440537131,0.347062586750,0.340847925170
2.220000000000,0.365210122104,0.252531933913,0.244005659578,0.227523988528,0.308462704199,0.328179650253,0.329267640185,0.335180624230,0.328505355210
2.230000000000,0.354363899397,0.242405677331,0.233123011213,0.216121887124,0.297844411749,0.317106326633,0.318051482745,0.323243400014,0.316113279306
2.240000000000,0.343505577670,0.232366475904,0.222233315339,0.204704537663,0.287200111222,0.306013468755,0.306794296046,0.311254091447,0.303675921606
2.250000000000,0.332637600560,0.222411580562,0.211337348685,0.193274137637,0.276531732263,0.294902381197,0.295498321257,0.299215921363,0.291197532928
2.260000000000,0.321762400475,0.212537894108,0.200435891437,0.181832866303,0.265841159409,0.283774315417,0.284165811492,0.287132158018,0.278682388422
2.270000000000,0.310882397780,0.202741989809,0.189529730477,0.170382885287,0.255130232292,0.272630474837,0.272799033807,0.275006114917,0.266134785208
2.280000000000,0.300000000000,0.193020131255,0.178619662572,0.158926339297,0.244400746055,0.261472020107,0.261400271173,0.262841150526,0.253559039992
2.290000000000,0.289117601017,0.183368293402,0.167706497502,0.147465356945,0.233654451982,0.250300074511,0.249971824425,0.250640667855,0.240959486657
2.300000000000,0.278237580286,0.173782184729,0.156791061119,0.136002051644,0.222893058335,0.239115729517,0.238516014160,0.238408113914,0.228340473829
2.310000000000,0.267362302047,0.164257270423,0.145874198338,0.124538522612,0.212118231394,0.227920050417,0.227035182572,0.226146979023,0.215706362408
2.320000000000,0.256494114559,0.154788796511,0.134956776031,0.113076855933,0.201331596692,0.216714082041,0.215531695224,0.213860795990,0.203061523078
2.330000000000,0.245635349333,0.145371814845,0.124039685833,0.101619125700,0.190534740445,0.205498854531,0.204007942724,0.201553139130,0.190410333767
2.340000000000,0.234788320375,0.136001208856,0.113123846846,0.090167395215,0.179729211163,0.194275389117,0.192466342313,0.189227623137,0.177757177089
2.350000000000,0.223955323442,0.126671719973,0.102210208233,0.078723718229,0.168916521439,0.183044703908,0.180909339338,0.176887901793,0.165106437733
2.360000000000,0.213138635302,0.117377974605,0.091299751688,0.067290140239,0.158098149901,0.171807819629,0.169339408607,0.164537666524,0.152462499820
2.370000000000,0.202340513010,0.108114511601,0.080393493792,0.055868699799,0.147275543326,0.160565765320,0.157759055611,0.152180644779,0.139829744219
2.380000000000,0.191563193189,0.098875810071,0.069492488226,0.044461429863,0.136450118901,0.149319583929,0.146170817609,0.139820598261,0.127212545817
2.390000000000,0.180808891322,0.089656317456,0.058597827856,0.033070359134,0.125623266615,0.138070337807,0.134577264558,0.127461320970,0.114615270752
2.400000000000,0.170079801059,0.080450477772,0.047710646659,0.021697513409,0.114796351784,0.126819114066,0.122980999882,0.115106637095,0.102042273589
2.410000000000,0.159378093528,0.071252759878,0.036832121514,0.010344916921,0.103970717688,0.115567029765,0.111384661074,0.102760398727,0.089497894470
2.420000000000,0.148705916663,0.062057685698,0.025963473824,-0.000985406343,0.093147688305,0.104315236923,0.099790920124,0.090426483409,0.076986456199
2.430000000000,0.138065394541,0.052859858266,0.015105970986,-0.012291431359,0.082328571137,0.093064927322,0.088202483761,0.078108791516,0.064512261301
2.440000000000,0.127458626727,0.043653989494,0.004260927684,-0.023571130818,0.071514660113,0.081817337068,0.076622093504,0.065811243474,0.052079589023
2.450000000000,0.116887687641,0.034434927562,-0.006570292973,-0.034822473934,0.060707238548,0.070573750919,0.065052525523,0.053537776816,0.039692692296
2.460000000000,0.106354625926,0.025197683809,-0.017386278506,-0.046043425308,0.049907582157,0.059335506331,0.053496590299,0.041292343078,0.027355794658
2.470000000000,0.095861463834,0.015937459039,-0.028185566278,-0.057231943872,0.039116962100,0.048103997211,0.041957132080,0.029078904546,0.015073087135
2.480000000000,0.085410196625,0.006649669126,-0.038966642906,-0.068385981898,0.028336648044,0.036880677375,0.030437028132,0.016901430846,0.002848725076
2.490000000000,0.075002791978,-0.002670030174,-0.049727943838,-0.079503484114,0.017567911233,0.025667063671,0.018939187784,0.004763895400,-0.009313175036
2.500000000000,0.064641189414,-0.012025719308,-0.060467853125,-0.090582386903,0.006812027553,0.014464738770,0.007466551265,-0.007329728261,-0.021408538815
2.510000000000,0.054327299731,-0.021421191990,-0.071184703376,-0.101620617615,-0.003929719433,0.003275353600,-0.003977911670,-0.019375470312,-0.033433337234
2.520000000000,0.044063004460,-0.030859933353,-0.081876775901,-0.112616093991,-0.014656035488,-0.007899370575,-0.015391203323,-0.031369368572,-0.045383589909
2.530000000000,0.033850155325,-0.040345099256,-0.092542301033,-0.123566723708,-0.025365612748,-0.019057640458,-0.026770299832,-0.043307472556,-0.057255368409
2.540000000000,0.023690573723,-0.049879496845,-0.103179458651,-0.134470404052,-0.036057126841,-0.030197589402,-0.038112153169,-0.055185847630,-0.069044799585
2.550000000000,0.013586050217,-0.059465566435,-0.113786378872,-0.145325021721,-0.046729234090,-0.041317276484,-0.049413693323,-0.067000579267,-0.080748068917
2.560000000000,0.003538344041,-0.069105364792,-0.124361142946,-0.156128452777,-0.057380568801,-0.052414685969,-0.060671830691,-0.078747777382,-0.092361423859
2.570000000000,-0.006450817376,-0.078800549883,-0.134901784315,-0.166878562726,-0.068009740663,-0.063487727180,-0.071883458648,-0.090423580745,-0.103881177204
2.580000000000,-0.016379738874,-0.088552367157,-0.145406289871,-0.177573206765,-0.078615332267,-0.074534234765,-0.083045456312,-0.102024161465,-0.115303710431
2.590000000000,-0.026246758014,-0.098361637405,-0.155872601381,-0.188210230167,-0.089195896759,-0.085551969373,-0.094154691479,-0.113545729515,-0.126625477061
2.600000000000,-0.036050245509,-0.108228746275,-0.166298617090,-0.198787468828,-0.099749955636,-0.096538618716,-0.105208023732,-0.124984537309,-0.137843005982
2.610000000000,-0.045788605643,-0.118153635455,-0.176682193498,-0.209302749972,-0.110275996696,-0.107491799049,-0.116202307711,-0.136336884300,-0.148952904767
2.620000000000,-0.055460276675,-0.128135795590,-0.187021147303,-0.219753893006,-0.120772472158,-0.118409057026,-0.127134396532,-0.147599121602,-0.159951862958
2.630000000000,-0.065063731227,-0.138174260951,-0.197313257506,-0.230138710548,-0.131237796961,-0.129287871956,-0.138001145355,-0.158767656612,-0.170836655317
2.640000000000,-0.074597476656,-0.148267605893,-0.207556267674,-0.240455009605,-0.141670347241,-0.140125658431,-0.148799415083,-0.169838957623,-0.181604145032
2.650000000000,-0.084060055412,-0.158413943108,-0.217747888362,-0.250700592912,-0.152068459017,-0.150919769329,-0.159526076174,-0.180809558422,-0.192251286882
2.660000000000,-0.093450045374,-0.168610923697,-0.227885799670,-0.260873260430,-0.162430427068,-0.161667499177,-0.170178012576,-0.191676062838,-0.202775130333
2.670000000000,-0.102766060180,-0.178855739069,-0.237967653952,-0.270970810997,-0.172754504032,-0.172366087860,-0.180752125753,-0.202435149264,-0.213172822581
2.680000000000,-0.112006749533,-0.189145124653,-0.247991078655,-0.280991044135,-0.183038899714,-0.183012724666,-0.191245338790,-0.213083575096,-0.223441611511
2.690000000000,-0.121170799491,-0.199475365431,-0.257953679278,-0.290931762000,-0.193281780624,-0.193604552650,-0.201654600586,-0.223618181114,-0.233578848582
2.700000000000,-0.130256932748,-0.209842303266,-0.267853042465,-0.300790771481,-0.203481269745,-0.204138673298,-0.211976890088,-0.234035895765,-0.243581991621
2.710000000000,-0.139263908890,-0.220241346011,-0.277686739197,-0.310565886437,-0.213635446524,-0.214612151483,-0.222209220585,-0.244333739353,-0.253448607519
2.720000000000,-0.148190524639,-0.230667478363,-0.287452328093,-0.320254930060,-0.223742347112,-0.225022020681,-0.232348644025,-0.254508828108,-0.263176374824
2.730000000000,-0.157035614079,-0.241115274446,-0.297147358809,-0.329855737377,-0.233799964835,-0.235365288437,-0.242392255349,-0.264558378137,-0.272763086214
2.740000000000,-0.165798048867,-0.251578912051,-0.306769375520,-0.339366157864,-0.243806250902,-0.245638942058,-0.252337196833,-0.274479709234,-0.282206650856
2.750000000000,-0.174476738423,-0.262052188518,-0.316315920480,-0.348784058166,-0.253759115361,-0.255839954512,-0.262180662417,-0.284270248534,-0.291505096632
2.760000000000,-0.183070630113,-0.272528538182,-0.325784537655,-0.358107324935,-0.263656428290,-0.265965290499,-0.271919901999,-0.293927534017,-0.300656572229
2.770000000000,-0.191578709402,-0.283001051338,-0.335172776416,-0.367333867745,-0.273496021223,-0.276011912698,-0.281552225707,-0.303449217828,-0.309659349081
2.780000000000,-0.200000000000,-0.293462494652,-0.344478195276,-0.376461622104,-0.283275688819,-0.285976788130,-0.291075008098,-0.312833069421,-0.318511823163
2.790000000000,-0.208333563988,-0.303905332948,-0.353698365673,-0.385488552537,-0.292993190759,-0.295856894647,-0.300485692297,-0.322076978505,-0.327212516627
2.800000000000,-0.216578501926,-0.314321752299,-0.362830875787,-0.394412655729,-0.302646253868,-0.305649227496,-0.309781794056,-0.331178957786,-0.335760079262
2.810000000000,-0.224733952948,-0.324703684327,-0.371873334371,-0.403231963725,-0.312232574469,-0.315350805949,-0.318960905708,-0.340137145503,-0.344153289797
2.820000000000,-0.232799094833,-0.335042831651,-0.380823374601,-0.411944547172,-0.321749820947,-0.324958679964,-0.328020700021,-0.348949807733,-0.352391057014
2.830000000000,-0.240773144068,-0.345330694358,-0.389678657921,-0.420548518589,-0.331195636522,-0.334469936858,-0.336958933916,-0.357615340475,-0.360472420678
2.840000000000,-0.248655355886,-0.355558597433,-0.398436877884,-0.429042035655,-0.340567642231,-0.343881707961,-0.345773452064,-0.366132271495,-0.368396552281
2.850000000000,-0.256445024295,-0.365717719033,-0.407095763976,-0.437423304505,-0.349863440103,-0.353191175228,-0.354462190323,-0.374499261927,-0.376162755590
2.860000000000,-0.264141482080,-0.375799119502,-0.415653085404,-0.445690583021,-0.359080616508,-0.362395577788,-0.363023179024,-0.382715107631,-0.383770466994
2.870000000000,-0.271744100801,-0.385793771031,-0.424106654856,-0.453842184096,-0.368216745696,-0.371492218389,-0.371454546077,-0.390778740289,-0.391219255651
2.880000000000,-0.279252290761,-0.395692587846,-0.432454332207,-0.461876478878,-0.377269393492,-0.380478469742,-0.379754519903,-0.398689228252,-0.398508823424
2.890000000000,-0.286665500969,-0.405486456824,-0.440694028170,-0.469791899960,-0.386236121142,-0.389351780703,-0.387921432173,-0.406445777124,-0.405639004611
2.900000000000,-0.293983219077,-0.415166268407,-0.448823707875,-0.477586944521,-0.395114489301,-0.398109682308,-0.395953720342,-0.414047730081,-0.412609765464
2.910000000000,-0.301204971307,-0.424722947727,-0.456841394384,-0.485260177390,-0.403902062154,-0.406749793607,-0.403849929977,-0.421494567926,-0.419421203490
2.920000000000,-0.308330322356,-0.434147485801,-0.464745172103,-0.492810234036,-0.412596411643,-0.415269827290,-0.411608716868,-0.428785908875,-0.426073546539
2.930000000000,-0.315358875291,-0.443430970696,-0.472533190117,-0.500235823459,-0.421195121800,-0.423667595084,-0.419228848911,-0.435921508088,-0.432567151681
2.940000000000,-0.322290271420,-0.452564618551,-0.480203665410,-0.507535730975,-0.429695793166,-0.431941012890,-0.426709207765,-0.442901256919,-0.438902503858
2.950000000000,-0.329124190154,-0.461539804331,-0.487754885976,-0.514708820888,-0.438096047284,-0.440088105652,-0.434048790265,-0.449725181917,-0.445080214329
2.960000000000,-0.335860348846,-0.470348092200,-0.495185213819,-0.521754039022,-0.446393531245,-0.448107011933,-0.441246709605,-0.456393443555,-0.451101018899
2.970000000000,-0.342498502621,-0.478981265415,-0.502493087809,-0.528670415128,-0.454585922278,-0.455995988180,-0.448302196265,-0.462906334708,-0.456965775937
2.980000000000,-0.349038444183,-0.487431355603,-0.509677026421,-0.535457065124,-0.462670932372,-0.463753412670,-0.455214598696,-0.469264278877,-0.462675464179
2.990000000000,-0.355480003610,-0.495690671343,-0.516735630316,-0.542113193185,-0.470646312900,-0.471377789110,-0.461983383756,-0.475467828160,-0.468231180336
3.000000000000,-0.361823048136,-0.503751825917,-0.523667584789,-0.548638093656,-0.478509859250,-0.478867749887,-0.468608136891,-0.481517660986,-0.473634136486
3.010000000000,-0.368067481909,-0.511607764145,-0.530471662044,-0.555031152787,-0.486259415423,-0.486222058948,-0.475088562064,-0.487414579606,-0.478885657285
3.020000000000,-0.374213245741,-0.519251788194,-0.537146723324,-0.561291850276,-0.493892878609,-0.493439614315,-0.481424481440,-0.493159507362,-0.483987176967
3.030000000000,-0.380260316839,-0.526677582266,-0.543691720863,-0.567419760622,-0.501408203702,-0.500519450197,-0.487615834814,-0.498753485728,-0.488940236172
3.040000000000,-0.386208708524,-0.533879236074,-0.550105699676,-0.573414554262,-0.508803407750,-0.507460738730,-0.493662678794,-0.504197671145,-0.493746478583
3.050000000000,-0.392058469932,-0.540851267011,-0.556387799158,-0.579275998510,-0.516076574327,-0.514262791297,-0.499565185744,-0.509493331644,-0.498407647398
3.060000000000,-0.397809685698,-0.547588640932,-0.562537254519,-0.585003958273,-0.523225857806,-0.520925059460,-0.505323642478,-0.514641843288,-0.502925581629
3.070000000000,-0.403462475632,-0.554086791467,-0.568553398022,-0.590598396541,-0.530249487516,-0.527447135478,-0.510938448730,-0.519644686419,-0.507302212243
3.080000000000,-0.409016994375,-0.560341637797,-0.574435660041,-0.596059374661,-0.537145771777,-0.533828752418,-0.516410115386,-0.524503441741,-0.511539558159
3.090000000000,-0.414473431043,-0.566349600808,-0.580183569924,-0.601387052369,-0.543913101793,-0.540069783854,-0.521739262498,-0.529219786239,-0.515639722102
3.100000000000,-0.419832008856,-0.572107617583,-0.585796756663,-0.606581687603,-0.550549955393,-0.546170243171,-0.526926617076,-0.533795488956,-0.519604886317
3.110000000000,-0.425092984751,-0.577613154159,-0.591274949375,-0.611643636068,-0.557054900600,-0.552130282450,-0.531973010680,-0.538232406622,-0.523437308180
3.120000000000,-0.430256648988,-0.582864216495,-0.596617977583,-0.616573350577,-0.563426599023,-0.557950190970,-0.536879376808,-0.542532479178,-0.527139315679
3.130000000000,-0.435323324732,-0.587859359627,-0.601825771300,-0.621371380147,-0.569663809060,-0.563630393306,-0.541646748093,-0.546697725175,-0.530713302811
3.140000000000,-0.440293367632,-0.592597694951,-0.606898360921,-0.626038368870,-0.575765388891,-0.569171447051,-0.546276253323,-0.550730237085,-0.534161724882
3.150000000000,-0.445167165381,-0.597078895617,-0.611835876916,-0.630575054537,-0.581730299264,-0.574574040158,-0.550769114287,-0.554632176532,-0.537487093729
3.160000000000,-0.449945137264,-0.601303200000,-0.616638549328,-0.634982267048,-0.587557606052,-0.579838987926,-0.555126642468,-0.558405769445,-0.540691972884
3.170000000000,-0.454627733694,-0.605271413244,-0.621306707076,-0.639260926579,-0.593246482581,-0.584967229620,-0.559350235583,-0.562053301171,-0.543778972678
3.180000000000,-0.459215435732,-0.608984906855,-0.625840777074,-0.643412041535,-0.598796211718,-0.589959824771,-0.563441373991,-0.565577111533,-0.546750745308
3.190000000000,-0.463708754606,-0.612445616355,-0.630241283146,-0.647436706279,-0.604206187699,-0.594817949137,-0.567401616974,-0.568979589876,-0.549609979872
3.200000000000,-0.468108231202,-0.615656036983,-0.634508844773,-0.651336098655,-0.609475917719,-0.599542890365,-0.571232598915,-0.572263170094,-0.552359397394
3.210000000000,-0.472414435554,-0.618619217483,-0.638644175640,-0.655111477296,-0.614605023247,-0.604136043359,-0.574936025367,-0.575430325660,-0.555001745838
3.220000000000,-0.476627966320,-0.621338751959,-0.642648082013,-0.658764178739,-0.619593241077,-0.608598905379,-0.578513669050,-0.578483564676,-0.557539795139
3.230000000000,-0.480749450250,-0.623818769865,-0.646521460942,-0.662295614353,-0.624440424115,-0.612933070883,-0.581967365763,-0.581425424948,-0.559976332252
3.240000000000,-0.484779541633,-0.626063924130,-0.650265298289,-0.665707267075,-0.629146541887,-0.617140226138,-0.585299010255,-0.584258469115,-0.562314156234
3.250000000000,-0.488718921744,-0.628079377472,-0.653880666596,-0.669000687983,-0.633711680772,-0.621222143620,-0.588510552034,-0.586985279823,-0.564556073380
3.260000000000,-0.492568298277,-0.629870786951,-0.657368722790,-0.672177492706,-0.638136043958,-0.625180676221,-0.591603991160,-0.589608454980,-0.566704892413
3.270000000000,-0.496328404767,-0.631444286800,-0.660730705739,-0.675239357680,-0.642419951122,-0.629017751291,-0.594581374012,-0.592130603086,-0.568763419747
3.280000000000,-0.500000000000,-0.632806469610,-0.663967933658,-0.678188016270,-0.646563837835,-0.632735364528,-0.597444789053,-0.594554338667,-0.570734454836
3.290000000000,-0.503583867421,-0.633964365915,-0.667081801380,-0.681025254759,-0.650568254690,-0.636335573758,-0.600196362608,-0.596882277809,-0.572620785618
3.300000000000,-0.507080814522,-0.634925422274,-0.670073777491,-0.683752908227,-0.654433866155,-0.639820492604,-0.602838254661,-0.599117033811,-0.574425184068
3.310000000000,-0.510491672234,-0.635697477893,-0.672945401339,-0.686372856331,-0.658161449164,-0.643192284086,-0.605372654690,-0.601261212974,-0.576150401864
3.320000000000,-0.513817294296,-0.636288739907,-0.675698279932,-0.688887018989,-0.661751891439,-0.646453154176,-0.607801777545,-0.603317410522,-0.577799166188
3.330000000000,-0.517058556627,-0.636707757372,-0.678334084724,-0.691297352000,-0.665206189553,-0.649605345317,-0.610127859398,-0.605288206674,-0.579374175667
3.340000000000,-0.520216356685,-0.636963394092,-0.680854548298,-0.693605842600,-0.668525446741,-0.652651129949,-0.612353153747,-0.607176162877,-0.580878096456
3.350000000000,-0.523291612819,-0.637064800350,-0.683261460964,-0.695814504969,-0.671710870467,-0.655592804051,-0.614479927522,-0.608983818203,-0.582313558490
3.360000000000,-0.526285263612,-0.637021383664,-0.685556667268,-0.697925375716,-0.674763769750,-0.658432680733,-0.616510457276,-0.610713685919,-0.583683151896
3.370000000000,-0.529198267222,-0.636842778657,-0.687742062430,-0.699940509342,-0.677685552258,-0.661173083900,-0.618447025477,-0.612368250237,-0.584989423583
3.380000000000,-0.532031600709,-0.636538816158,-0.689819588719,-0.701861973706,-0.680477721194,-0.663816342003,-0.620291916928,-0.613949963259,-0.586234874019
3.390000000000,-0.534786259361,-0.636119491636,-0.691791231771,-0.703691845502,-0.683141871955,-0.666364781907,-0.622047415293,-0.615461242100,-0.587421954193
3.400000000000,-0.537463256013,-0.635594933091,-0.693659016864,-0.705432205771,-0.685679688605,-0.668820722904,-0.623715799777,-0.616904466221,-0.588553062777
3.410000000000,-0.540063620355,-0.634975368498,-0.695425005152,-0.707085135451,-0.688092940157,-0.671186470876,-0.625299341922,-0.618281974957,-0.589630543495
3.420000000000,-0.542588398245,-0.634271092941,-0.697091289880,-0.708652710988,-0.690383476675,-0.673464312643,-0.626800302574,-0.619596065243,-0.590656682692
3.430000000000,-0.545038651003,-0.633492435542,-0.698659992573,-0.710137000026,-0.692553225221,-0.675656510509,-0.628220928989,-0.620848989562,-0.591633707119
3.440000000000,-0.547415454716,-0.632649726301,-0.700133259232,-0.711540057177,-0.694604185642,-0.677765297028,-0.629563452103,-0.622042954078,-0.592563781939
3.450000000000,-0.549719899522,-0.631753262977,-0.701513256514,-0.712863919900,-0.696538426231,-0.679792870004,-0.630830083973,-0.623180116999,-0.593449008941
3.460000000000,-0.551953088905,-0.630813278112,-0.702802167942,-0.714110604489,-0.698358079259,-0.681741387746,-0.632023015376,-0.624262587129,-0.594291424986
3.470000000000,-0.554116138972,-0.629839906335,-0.704002190126,-0.715282102197,-0.700065336404,-0.683612964593,-0.633144413594,-0.625292422640,-0.595093000669
3.480000000000,-0.556210177741,-0.628843152045,-0.705115529019,-0.716380375497,-0.701662444078,-0.685409666720,-0.634196420365,-0.626271630040,-0.595855639205
3.490000000000,-0.558236344413,-0.627832857599,-0.706144396211,-0.717407354501,-0.703151698688,-0.687133508243,-0.635181150014,-0.627202163346,-0.596581175540
3.500000000000,-0.560195788649,-0.626818672111,-0.707091005275,-0.718364933541,-0.704535441823,-0.688786447628,-0.636100687767,-0.628085923460,-0.597271375682
3.510000000000,-0.562089669842,-0.625810020985,-0.707957568169,-0.719254967932,-0.705816055398,-0.690370384427,-0.636957088239,-0.628924757730,-0.597927936252
3.520000000000,-0.563919156387,-0.624816076272,-0.708746291708,-0.720079270918,-0.706995956765,-0.691887156336,-0.637752374104,-0.629720459712,-0.598552484256
3.530000000000,-0.565685424949,-0.623845727976,-0.709459374109,-0.720839610820,-0.708077593804,-0.693338536593,-0.638488534939,-0.630474769105,-0.599146577069
3.540000000000,-0.567389659730,-0.622907556396,-0.710099001616,-0.721537708387,-0.709063440016,-0.694726231714,-0.639167526248,-0.631189371877,-0.599711702631
3.550000000000,-0.569033051733,-0.622009805607,-0.710667345226,-0.722175234367,-0.709955989623,-0.696051879583,-0.639791268653,-0.631865900549,-0.600249279847
3.560000000000,-0.570616798031,-0.621160358183,-0.711166557505,-0.722753807295,-0.710757752702,-0.697317047888,-0.640361647261,-0.632505934656,-0.600760659192
3.570000000000,-0.572142101029,-0.620366711229,-0.711598769513,-0.723274991512,-0.711471250358,-0.698523232909,-0.640880511191,-0.633111001351,-0.601247123511
3.580000000000,-0.573610167728,-0.619635953828,-0.711966087846,-0.723740295425,-0.712099009956,-0.699671858668,-0.641349673261,-0.633682576170,-0.601709889001
3.590000000000,-0.575022208992,-0.618974745976,-0.712270591789,-0.724151169999,-0.712643560422,-0.700764276417,-0.641770909831,-0.634222083925,-0.602150106381
3.600000000000,-0.576379438809,-0.618389299069,-0.712514330605,-0.724509007497,-0.713107427636,-0.701801764490,-0.642145960796,-0.634730899733,-0.602568862233
3.610000000000,-0.577683073564,-0.617885358020,-0.712699320947,-0.724815140470,-0.713493129915,-0.702785528490,-0.642476529719,-0.635210350158,-0.602967180505
3.620000000000,-0.578934331303,-0.617468185069,-0.712827544412,-0.725070840992,-0.713803173618,-0.703716701821,-0.642764284092,-0.635661714474,-0.603346024178
3.630000000000,-0.580134431002,-0.617142545331,-0.712900945234,-0.725277320150,-0.714040048866,-0.704596346554,-0.643010855736,-0.636086226009,-0.603706297066
3.640000000000,-0.581284591839,-0.616912694144,-0.712921428124,-0.725435727782,-0.714206225406,-0.705425454615,-0.643217841306,-0.636485073596,-0.604048845764
3.650000000000,-0.582386032468,-0.616782366247,-0.712890856260,-0.725547152470,-0.714304148620,-0.706204949289,-0.643386802915,-0.636859403088,-0.604374461721
3.660000000000,-0.583439970296,-0.616754766831,-0.712811049429,-0.725612621776,-0.714336235692,-0.706935687030,-0.643519268847,-0.637210318943,-0.604683883416
3.670000000000,-0.584447620764,-0.616832564497,-0.712683782331,-0.725633102731,-0.714304871947,-0.707618459565,-0.643616734370,-0.637538885867,-0.604977798655
3.680000000000,-0.585410196625,-0.617017886127,-0.712510783032,-0.725609502564,-0.714212407364,-0.708253996268,-0.643680662628,-0.637846130495,-0.605256846949
3.690000000000,-0.586328907235,-0.617312313701,-0.712293731588,-0.725542669669,-0.714061153279,-0.708842966812,-0.643712485591,-0.638133043106,-0.605521621976
3.700000000000,-0.587204957843,-0.617716883049,-0.712034258828,-0.725433394809,-0.713853379285,-0.709385984057,-0.643713605084,-0.638400579360,-0.605772674113
3.710000000000,-0.588039548883,-0.618232084559,-0.711733945296,-0.725282412540,-0.713591310325,-0.709883607176,-0.643685393846,-0.638649662047,-0.606010513022
3.720000000000,-0.588833875278,-0.618857865812,-0.711394320367,-0.725090402864,-0.713277124007,-0.710336344997,-0.643629196641,-0.638881182825,-0.606235610284
3.730000000000,-0.589589125741,-0.619593636154,-0.711016861517,-0.724857993088,-0.712912948117,-0.710744659541,-0.643546331388,-0.639096003956,-0.606448402065
3.740000000000,-0.590306482089,-0.620438273163,-0.710602993765,-0.724585759890,-0.712500858366,-0.711108969728,-0.643438090316,-0.639294960011,-0.606649291798
3.750000000000,-0.590987118553,-0.621390130993,-0.710154089270,-0.724274231574,-0.712042876345,-0.711429655256,-0.643305741114,-0.639478859549,-0.606838652875
3.760000000000,-0.591632201104,-0.622447050565,-0.709671467097,-0.723923890515,-0.711540967715,-0.711707060602,-0.643150528087,-0.639648486743,-0.607016831337
3.770000000000,-0.592242886783,-0.623606371550,-0.709156393139,-0.723535175768,-0.710997040620,-0.711941499150,-0.642973673291,-0.639804602960,-0.607184148544
3.780000000000,-0.592820323028,-0.624864946111,-0.708610080194,-0.723108485848,-0.710412944327,-0.712133257403,-0.642776377647,-0.639947948273,-0.607340903816
3.790000000000,-0.593365647022,-0.626219154339,-0.708033688197,-0.722644181652,-0.709790468098,-0.712282599277,-0.642559822013,-0.640079242907,-0.607487377038
3.800000000000,-0.593879985039,-0.627664921329,-0.707428324607,-0.722142589513,-0.709131340285,-0.712389770439,-0.642325168219,-0.640199188596,-0.607623831208
3.810000000000,-0.594364451803,-0.629197735821,-0.706795044938,-0.721604004386,-0.708437227657,-0.712455002677,-0.642073560041,-0.640308469862,-0.607750514921
3.820000000000,-0.594820149848,-0.630812670348,-0.706134853427,-0.721028693133,-0.707709734945,-0.712478518273,-0.641806124119,-0.640407755188,-0.607867664790
3.830000000000,-0.595248168892,-0.632504402799,-0.705448703854,-0.720416897909,-0.706950404612,-0.712460534365,-0.641523970790,-0.640497698099,-0.607975507767
3.840000000000,-0.595649585219,-0.634267239322,-0.704737500481,-0.719768839618,-0.706160716839,-0.712401267267,-0.641228194860,-0.640578938123,-0.608074263381
3.850000000000,-0.596025461066,-0.636095138484,-0.704002099124,-0.719084721444,-0.705342089721,-0.712300936729,-0.640919876268,-0.640652101652,-0.608164145869
3.860000000000,-0.596376844023,-0.637981736578,-0.703243308354,-0.718364732419,-0.704495879673,-0.712159770118,-0.640600080670,-0.640717802669,-0.608245366191
3.870000000000,-0.596704766440,-0.639920374008,-0.702461890800,-0.717609051036,-0.703623382031,-0.711978006497,-0.640269859914,-0.640776643362,-0.608318133931
3.880000000000,-0.597010244842,-0.641904122626,-0.701658564574,-0.716817848866,-0.702725831853,-0.711755900581,-0.639930252410,-0.640829214611,-0.608382659055
3.890000000000,-0.597294279361,-0.643925813939,-0.700834004790,-0.715991294190,-0.701804404899,-0.711493726544,-0.639582283392,-0.640876096337,-0.608439153551
3.900000000000,-0.597557853168,-0.645978068064,-0.699988845186,-0.715129555607,-0.700860218792,-0.711191781678,-0.639226965051,-0.640917857731,-0.608487832909
3.910000000000,-0.597801931921,-0.648053323333,-0.699123679824,-0.714232805617,-0.699894334343,-0.710850389857,-0.638865296561,-0.640955057343,-0.608528917461
3.920000000000,-0.598027463226,-0.650143866432,-0.698239064884,-0.713301224156,-0.698907757042,-0.710469904811,-0.638498263972,-0.640988243037,-0.608562633561
3.930000000000,-0.598235376102,-0.652241862963,-0.697335520517,-0.712335002071,-0.697901438690,-0.710050713185,-0.638126839980,-0.641017951819,-0.608589214612
3.940000000000,-0.598426580463,-0.654339388315,-0.696413532777,-0.711334344520,-0.696876279170,-0.709593237362,-0.637751983567,-0.641044709527,-0.608608901924
3.950000000000,-0.598601966608,-0.656428458731,-0.695473555599,-0.710299474279,-0.695833128347,-0.709097938049,-0.637374639516,-0.641069030393,-0.608621945406
3.960000000000,-0.598762404725,-0.658501062452,-0.694516012829,-0.709230634942,-0.694772788086,-0.708565316597,-0.636995737789,-0.641091416474,-0.608628604092
3.970000000000,-0.598908744403,-0.660549190824,-0.693541300297,-0.708128094003,-0.693696014366,-0.707995917052,-0.636616192784,-0.641112356964,-0.608629146498
3.980000000000,-0.599041814161,-0.662564869260,-0.692549787923,-0.706992145804,-0.692603519490,-0.707390327927,-0.636236902463,-0.641132327376,-0.608623850800
3.990000000000,-0.599162420986,-0.664540187925,-0.691541821839,-0.705823114335,-0.691495974378,-0.706749183677,-0.635858747348,-0.641151788615,-0.608613004851
4.000000000000,-0.599271349884,-0.666467332061,-0.690517726532,-0.704621355872,-0.690374010918,-0.706073165876,-0.635482589405,-0.641171185936,-0.608596906016
4.010000000000,-0.599369363441,-0.668338611802,-0.689477806997,-0.703387261450,-0.689238224377,-0.705363004086,-0.635109270804,-0.641190947793,-0.608575860849
4.020000000000,-0.599457201406,-0.670146491411,-0.688422350880,-0.702121259141,-0.688089175854,-0.704619476411,-0.634739612562,-0.641211484594,-0.608550184595
4.030000000000,-0.599535580274,-0.671883617798,-0.687351630613,-0.700823816149,-0.686927394760,-0.703843409733,-0.634374413080,-0.641233187363,-0.608520200534
4.040000000000,-0.599605192894,-0.673542848234,-0.686265905539,-0.699495440695,-0.685753381307,-0.703035679630,-0.634014446581,-0.641256426309,-0.608486239154
4.050000000000,-0.599666708081,-0.675117277164,-0.685165423996,-0.698136683687,-0.684567609016,-0.702197209967,-0.633660461437,-0.641281549331,-0.608448637185
4.060000000000,-0.599720770251,-0.676600262000,-0.684050425378,-0.696748140175,-0.683370527196,-0.701328972168,-0.633313178425,-0.641308880441,-0.608407736466
4.070000000000,-0.599767999058,-0.677985447830,-0.682921142149,-0.695330450568,-0.682162563420,-0.700431984165,-0.632973288882,-0.641338718142,-0.608363882675
4.080000000000,-0.599808989059,-0.679266790929,-0.681777801806,-0.693884301620,-0.680944125950,-0.699507309030,-0.632641452800,-0.641371333741,-0.608317423923
4.090000000000,-0.599844309380,-0.680438581008,-0.680620628783,-0.692410427177,-0.679715606129,-0.698556053293,-0.632318296849,-0.641406969636,-0.608268709210
4.100000000000,-0.599874503405,-0.681495462107,-0.679449846294,-0.690909608669,-0.678477380708,-0.697579364952,-0.632004412343,-0.641445837561,-0.608218086762
4.110000000000,-0.599900088477,-0.682432452070,-0.678265678103,-0.689382675358,-0.677229814104,-0.696578431179,-0.631700353167,-0.641488116821,-0.608165902253
4.120000000000,-0.599921555609,-0.683244960525,-0.677068350208,-0.687830504331,-0.675973260583,-0.695554475743,-0.631406633659,-0.641533952510,-0.608112496919
4.130000000000,-0.599939369217,-0.683928805312,-0.675858092453,-0.686254020242,-0.674708066350,-0.694508756137,-0.631123726476,-0.641583453737,-0.608058205577
4.140000000000,-0.599953966864,-0.684480227302,-0.674635140034,-0.684654194786,-0.673434571538,-0.693442560448,-0.630852060437,-0.641636691862,-0.608003354555
4.150000000000,-0.599965759018,-0.684895903550,-0.673399734921,-0.683032045933,-0.672153112088,-0.692357203957,-0.630592018370,-0.641693698753,-0.607948259546
4.160000000000,-0.599975128826,-0.685172958755,-0.672152127167,-0.681388636897,-0.670864021511,-0.691254025500,-0.630343934967,-0.641754465084,-0.607893223400
4.170000000000,-0.599982431906,-0.685308974965,-0.670892576114,-0.679725074855,-0.669567632527,-0.690134383600,-0.630108094652,-0.641818938671,-0.607838533855
4.180000000000,-0.599987996148,-0.685301999517,-0.669621351492,-0.678042509418,-0.668264278563,-0.688999652378,-0.629884729491,-0.641887022873,-0.607784461231
4.190000000000,-0.599992121537,-0.685150551182,-0.668338734390,-0.676342130854,-0.666954295118,-0.687851217275,-0.629674017138,-0.641958575050,-0.607731256082
4.200000000000,-0.599995079986,-0.684853624491,-0.667045018117,-0.674625168078,-0.665638020973,-0.686690470588,-0.629476078842,-0.642033405113,-0.607679146843
4.210000000000,-0.599997115187,-0.684410692238,-0.665740508933,-0.672892886399,-0.664315799257,-0.685518806850,-0.629290977520,-0.642111274144,-0.607628337452
4.220000000000,-0.599998442480,-0.683821706158,-0.664425526658,-0.671146585044,-0.662987978347,-0.684337618065,-0.629118715910,-0.642191893134,-0.607579004991
4.230000000000,-0.599999248730,-0.683087095778,-0.663100405152,-0.669387594470,-0.661654912614,-0.683148288827,-0.628959234813,-0.642274921814,-0.607531297329
4.240000000000,-0.599999692229,-0.682207765449,-0.661765492659,-0.667617273450,-0.660316963000,-0.681952191335,-0.628812411439,-0.642359967614,-0.607485330806
4.250000000000,-0.599999902607,-0.681185089591,-0.660421152022,-0.665837005978,-0.658974497432,-0.680750680329,-0.628678057872,-0.642446584740,-0.607441187949
4.260000000000,-0.599999980760,-0.680020906156,-0.659067760769,-0.664048197968,-0.657627891061,-0.679545087976,-0.628555919652,-0.642534273397,-0.607398915241
4.270000000000,-0.599999998797,-0.678717508345,-0.657705711054,-0.662252273783,-0.656277526338,-0.678336718714,-0.628445674494,-0.642622479143,-0.607358520953
4.280000000000,-0.600000000000,-0.677277634625,-0.656335409475,-0.660450672597,-0.654923792919,-0.677126844092,-0.628346931162,-0.642710592404,-0.607319973059
4.290000000000,-0.599999998797,-0.675704457078,-0.654957276751,-0.658644844596,-0.653567087398,-0.675916697610,-0.628259228481,-0.642797948142,-0.607283197227
4.300000000000,-0.599999980760,-0.674001568134,-0.653571747268,-0.656836247052,-0.652207812873,-0.674707469607,-0.628182034532,-0.642883825690,-0.607248074913
4.310000000000,-0.599999902607,-0.672172965743,-0.652179268493,-0.655026340255,-0.650846378354,-0.673500302196,-0.628114746008,-0.642967448752,-0.607214441565
4.320000000000,-0.599999692229,-0.670223037050,-0.650780300262,-0.653216583346,-0.649483197996,-0.672296284282,-0.628056687756,-0.643047985582,-0.607182084944
4.330000000000,-0.599999248730,-0.668156540636,-0.649375313931,-0.651408430042,-0.648118690189,-0.671096446679,-0.628007112506,-0.643124549343,-0.607150743573
4.340000000000,-0.599998442480,-0.665978587394,-0.647964791413,-0.649603324289,-0.646753276478,-0.669901757354,-0.627965200798,-0.643196198643,-0.607120105321
4.350000000000,-0.599997115187,-0.663694620123,-0.646549224082,-0.647802695841,-0.645387380349,-0.668713116819,-0.627930061107,-0.643261938264,-0.607089806145
4.360000000000,-0.599995079986,-0.661310391915,-0.645129111571,-0.646007955794,-0.644021425862,-0.667531353681,-0.627900730177,-0.643320720070,-0.607059428973
4.370000000000,-0.599992121537,-0.658831943421,-0.643704960442,-0.644220492086,-0.642655836153,-0.666357220393,-0.627876173569,-0.643371444111,-0.607028502761
4.380000000000,-0.599987996148,-0.656265579091,-0.642277282758,-0.642441664977,-0.641291031805,-0.665191389196,-0.627855286413,-0.643412959911,-0.606996501710
4.390000000000,-0.599982431906,-0.653617842467,-0.640846594542,-0.640672802533,-0.639927429099,-0.664034448308,-0.627836894396,-0.643444067948,-0.606962844674
4.400000000000,-0.599975128826,-0.650895490646,-0.639413414139,-0.638915196121,-0.638565438150,-0.662886898338,-0.627819754951,-0.643463521315,-0.606926894730
4.410000000000,-0.599965759018,-0.648105467988,-0.637978260485,-0.637170095944,-0.637205460944,-0.661749148980,-0.627802558677,-0.643470027579,-0.606887958955
4.420000000000,-0.599953966864,-0.645254879192,-0.636541651281,-0.635438706620,-0.635847889271,-0.660621515972,-0.627783930982,-0.643462250804,-0.606845288378
4.430000000000,-0.599939369217,-0.642350961825,-0.635104101094,-0.633722182828,-0.634493102586,-0.659504218363,-0.627762433936,-0.643438813769,-0.606798078142
4.440000000000,-0.599921555609,-0.639401058424,-0.633666119374,-0.632021625042,-0.633141465786,-0.658397376076,-0.627736568355,-0.643398300353,-0.606745467844
4.450000000000,-0.599900088477,-0.636412588270,-0.632228208405,-0.630338075355,-0.631793326924,-0.657301007802,-0.627704776092,-0.643339258084,-0.606686542097
4.460000000000,-0.599874503405,-0.633393018938,-0.630790861195,-0.628672513427,-0.630449014873,-0.656215029227,-0.627665442545,-0.643260200860,-0.606620331272
4.470000000000,-0.599844309380,-0.630349837741,-0.629354559311,-0.627025852556,-0.629108836950,-0.655139251596,-0.627616899372,-0.643159611819,-0.606545812450
4.480000000000,-0.599808989059,-0.627290523164,-0.627919770662,-0.625398935898,-0.627773076502,-0.654073380636,-0.627557427408,-0.643035946358,-0.606461910578
4.490000000000,-0.599767999058,-0.624222516412,-0.626486947248,-0.623792532840,-0.626441990482,-0.653017015844,-0.627485259783,-0.642887635291,-0.606367499811
4.500000000000,-0.599720770251,-0.621153193152,-0.625056522880,-0.622207335561,-0.625115807011,-0.651969650127,-0.627398585224,-0.642713088141,-0.606261405059
4.510000000000,-0.599666708081,-0.618089835589,-0.623628910863,-0.620643955762,-0.623794722950,-0.650930669833,-0.627295551544,-0.642510696545,-0.606142403726
4.520000000000,-0.599605192894,-0.615039604946,-0.622204501680,-0.619102921605,-0.622478901482,-0.649899355143,-0.627174269298,-0.642278837779,-0.606009227632
4.530000000000,-0.599535580274,-0.612009514480,-0.620783660657,-0.617584674867,-0.621168469734,-0.648874880842,-0.627032815610,-0.642015878371,-0.605860565130
4.540000000000,-0.599457201406,-0.609006403108,-0.619366725633,-0.616089568306,-0.619863516424,-0.647856317472,-0.626869238147,-0.641720177810,-0.605695063387
4.550000000000,-0.599369363441,-0.606036909759,-0.617954004641,-0.614617863274,-0.618564089571,-0.646842632859,-0.626681559237,-0.641390092325,-0.605511330848
4.560000000000,-0.599271349884,-0.603107448540,-0.616545773604,-0.613169727555,-0.617270194266,-0.645832694003,-0.626467780118,-0.641023978732,-0.605307939863
4.570000000000,-0.599162420986,-0.600224184797,-0.615142274057,-0.611745233475,-0.615981790513,-0.644825269353,-0.626225885301,-0.640620198325,-0.605083429465
4.580000000000,-0.599041814161,-0.597393012179,-0.613743710903,-0.610344356256,-0.614698791160,-0.643819031426,-0.625953847044,-0.640177120805,-0.604836308305
4.590000000000,-0.598908744403,-0.594619530765,-0.612350250216,-0.608966972645,-0.613421059922,-0.642812559796,-0.625649629908,-0.639693128236,-0.604565057721
4.600000000000,-0.598762404725,-0.591909026347,-0.610962017088,-0.607612859809,-0.612148409518,-0.641804344415,-0.625311195394,-0.639166619002,-0.604268134932
4.610000000000,-0.598601966608,-0.589266450942,-0.609579093536,-0.606281694516,-0.610880599912,-0.640792789280,-0.624936506646,-0.638596011765,-0.603943976365
4.620000000000,-0.598426580463,-0.586696404587,-0.608201516480,-0.604973052588,-0.609617336690,-0.639776216417,-0.624523533189,-0.637979749400,-0.603591001071
4.630000000000,-0.598235376102,-0.584203118508,-0.606829275791,-0.603686408649,-0.608358269568,-0.638752870173,-0.624070255705,-0.637316302894,-0.603207614253
4.640000000000,-0.598027463226,-0.581790439695,-0.605462312419,-0.602421136147,-0.607102991041,-0.637720921810,-0.623574670827,-0.636604175199,-0.602792210867
4.650000000000,-0.597801931921,-0.579461816948,-0.604100516614,-0.601176507675,-0.605851035187,-0.636678474375,-0.623034795921,-0.635841905022,-0.602343179298
4.660000000000,-0.597557853168,-0.577220288438,-0.602743726239,-0.599951695575,-0.604601876624,-0.635623567827,-0.622448673860,-0.635028070530,-0.601858905097
4.670000000000,-0.597294279361,-0.575068470835,-0.601391725189,-0.598745772824,-0.603354929637,-0.634554184418,-0.621814377759,-0.634161292972,-0.601337774758
4.680000000000,-0.597010244842,-0.573008550015,-0.600044241915,-0.597557714209,-0.602109547472,-0.633468254292,-0.621130015655,-0.633240240187,-0.600778179530
4.690000000000,-0.596704766440,-0.571042273395,-0.598700948067,-0.596386397782,-0.600865021810,-0.632363661291,-0.620393735132,-0.632263629997,-0.600178519241
4.700000000000,-0.596376844023,-0.569170943912,-0.597361457253,-0.595230606591,-0.599620582417,-0.631238248942,-0.619603727843,-0.631230233457,-0.599537206131
4.710000000000,-0.596025461066,-0.567395415658,-0.596025323930,-0.594089030681,-0.598375396981,-0.630089826610,-0.618758233950,-0.630138877970,-0.598852668675
4.720000000000,-0.595649585219,-0.565716091193,-0.594692042422,-0.592960269360,-0.597128571142,-0.628916175781,-0.617855546436,-0.628988450230,-0.598123355372
4.730000000000,-0.595248168892,-0.564132920516,-0.593361046074,-0.591842833726,-0.595879148701,-0.627715056474,-0.616894015282,-0.627777898997,-0.597347738504
4.740000000000,-0.594820149848,-0.562645401722,-0.592031706550,-0.590735149439,-0.594626112034,-0.626484213727,-0.615872051506,-0.626506237687,-0.596524317833
4.750000000000,-0.594364451803,-0.561252583311,-0.590703333275,-0.589635559735,-0.593368382688,-0.625221384163,-0.614788131024,-0.625172546766,-0.595651624239
4.760000000000,-0.593879985039,-0.559953068139,-0.589375173016,-0.588542328675,-0.592104822180,-0.623924302591,-0.613640798347,-0.623775975935,-0.594728223268
4.770000000000,-0.593365647022,-0.558745019005,-0.588046409628,-0.587453644608,-0.590834232978,-0.622590708626,-0.612428670068,-0.622315746101,-0.593752718586
4.780000000000,-0.592820323028,-0.557626165817,-0.586716163940,-0.586367623844,-0.589555359684,-0.621218353297,-0.611150438157,-0.620791151115,-0.592723755323
4.790000000000,-0.592242886783,-0.556593814331,-0.585383493806,-0.585282314527,-0.588266890397,-0.619805005624,-0.609804873024,-0.619201559284,-0.591640023301
4.800000000000,-0.591632201104,-0.555644856408,-0.584047394309,-0.584195700683,-0.586967458268,-0.618348459136,-0.608390826356,-0.617546414634,-0.590500260112
4.810000000000,-0.590987118553,-0.554775781746,-0.582706798121,-0.583105706449,-0.585655643233,-0.616846538297,-0.606907233703,-0.615825237924,-0.589303254060
4.820000000000,-0.590306482089,-0.553982691039,-0.581360576026,-0.582010200444,-0.584329973929,-0.615297104833,-0.605353116813,-0.614037627403,-0.588047846937
4.830000000000,-0.589589125741,-0.553261310506,-0.580007537602,-0.580907000295,-0.582988929776,-0.613698063915,-0.603727585700,-0.612183259309,-0.586732936630
4.840000000000,-0.588833875278,-0.552607007725,-0.578646432058,-0.579793877274,-0.581630943232,-0.612047370185,-0.602029840431,-0.610261888100,-0.585357479539
4.850000000000,-0.588039548883,-0.552014808716,-0.577275949236,-0.578668561054,-0.580254402209,-0.610343033606,-0.600259172637,-0.608273346414,-0.583920492805
4.860000000000,-0.587204957843,-0.551479416186,-0.575894720761,-0.577528744558,-0.578857652631,-0.608583125096,-0.598414966727,-0.606217544764,-0.582421056343
4.870000000000,-0.586328907235,-0.550995228887,-0.574501321354,-0.576372088878,-0.577439001154,-0.606765781941,-0.596496700803,-0.604094470951,-0.580858314645
4.880000000000,-0.585410196625,-0.550556361978,-0.573094270298,-0.575196228263,-0.575996718014,-0.604889212956,-0.594503947278,-0.601904189212,-0.579231478379
4.890000000000,-0.584447620764,-0.550156668333,-0.571672033047,-0.573998775147,-0.574529039997,-0.602951703379,-0.592436373180,-0.599646839094,-0.577539825755
4.900000000000,-0.583439970296,-0.549789760706,-0.570233022990,-0.572777325201,-0.573034173545,-0.600951619468,-0.590293740145,-0.597322634049,-0.575782703651
4.910000000000,-0.582386032468,-0.549449034649,-0.568775603359,-0.571529462400,-0.571510297953,-0.598887412794,-0.588075904103,-0.594931859773,-0.573959528507
4.920000000000,-0.581284591839,-0.549127692113,-0.567298089272,-0.570252764081,-0.569955568673,-0.596757624215,-0.585782814643,-0.592474872272,-0.572069786968
4.930000000000,-0.580134431002,-0.548818765630,-0.565798749914,-0.568944805971,-0.568368120709,-0.594560887491,-0.583414514064,-0.589952095671,-0.570113036282
4.940000000000,-0.578934331303,-0.548515142980,-0.564275810852,-0.567603167186,-0.566746072078,-0.592295932563,-0.580971136120,-0.587364019767,-0.568088904444
4.950000000000,-0.577683073564,-0.548209592247,-0.562727456472,-0.566225435161,-0.565087527344,-0.589961588444,-0.578452904443,-0.584711197338,-0.565997090081
4.960000000000,-0.576379438809,-0.547894787178,-0.561151832537,-0.564809210511,-0.563390581204,-0.587556785740,-0.575860130671,-0.581994241210,-0.563837362092
4.970000000000,-0.575022208992,-0.547563332726,-0.559547048860,-0.563352111805,-0.561653322113,-0.585080558771,-0.573193212265,-0.579213821090,-0.561609559019
4.980000000000,-0.573610167728,-0.547207790706,-0.557911182081,-0.561851780228,-0.559873835938,-0.582532047295,-0.570452630031,-0.576370660184,-0.559313588175
4.990000000000,-0.572142101029,-0.546820705439,-0.556242278557,-0.560305884127,-0.558050209630,-0.579910497818,-0.567638945355,-0.573465531599,-0.556949424508
5.000000000000,-0.570616798031,-0.546394629309,-0.554538357330,-0.558712123423,-0.556180534902,-0.577215264497,-0.564752797155,-0.570499254548,-0.554517109223
5.010000000000,-0.569033051733,-0.545922148120,-0.552797413192,-0.557068233867,-0.554262911895,-0.574445809612,-0.561794898558,-0.567472690363,-0.552016748151
5.020000000000,-0.567389659730,-0.545395906173,-0.551017419832,-0.555371991141,-0.552295452828,-0.571601703630,-0.558766033318,-0.564386738340,-0.549448509877
5.030000000000,-0.565685424949,-0.544808630953,-0.549196333045,-0.553621214779,-0.550276285611,-0.568682624833,-0.555667051982,-0.561242331420,-0.546812623634
5.040000000000,-0.563919156387,-0.544153157350,-0.547332094015,-0.551813771898,-0.548203557415,-0.565688358537,-0.552498867819,-0.558040431721,-0.544109376958
5.050000000000,-0.562089669842,-0.543422451307,-0.545422632649,-0.549947580739,-0.546075438189,-0.562618795881,-0.549262452514,-0.554782025945,-0.541339113137
5.060000000000,-0.560195788649,-0.542609632831,-0.543465870956,-0.548020613987,-0.543890124102,-0.559473932208,-0.545958831666,-0.551468120663,-0.538502228424
5.070000000000,-0.558236344413,-0.541707998259,-0.541459726472,-0.546030901878,-0.541645840909,-0.556253865034,-0.542589080077,-0.548099737508,-0.535599169060
5.080000000000,-0.556210177741,-0.540711041718,-0.539402115708,-0.543976535080,-0.539340847222,-0.552958791618,-0.539154316865,-0.544677908279,-0.532630428100
5.090000000000,-0.554116138972,-0.539612475689,-0.537290957624,-0.541855667329,-0.536973437686,-0.549589006137,-0.535655700411,-0.541203669982,-0.529596542048
5.100000000000,-0.551953088905,-0.538406250606,-0.535124177118,-0.539666517832,-0.534541946034,-0.546144896479,-0.532094423163,-0.537678059830,-0.526498087323
5.110000000000,-0.549719899522,-0.537086573429,-0.532899708509,-0.537407373414,-0.532044748026,-0.542626940674,-0.528471706305,-0.534102110201,-0.523335676572
5.120000000000,-0.547415454716,-0.535647925111,-0.530615499029,-0.535076590414,-0.529480264249,-0.539035702959,-0.524788794324,-0.530476843598,-0.520109954821
5.130000000000,-0.545038651003,-0.534085076908,-0.528269512290,-0.532672596319,-0.526846962783,-0.535371829513,-0.521046949474,-0.526803267608,-0.516821595507
5.140000000000,-0.542588398245,-0.532393105486,-0.525859731734,-0.530193891146,-0.524143361713,-0.531636043861,-0.517247446181,-0.523082369886,-0.513471296384
5.150000000000,-0.540063620355,-0.530567406751,-0.523384164052,-0.527639048546,-0.521368031486,-0.527829141983,-0.513391565388,-0.519315113192,-0.510059775327
5.160000000000,-0.537463256013,-0.528603708378,-0.520840842557,-0.525006716660,-0.518519597099,-0.523951987129,-0.509480588869,-0.515502430483,-0.506587766048
5.170000000000,-0.534786259361,-0.526498080998,-0.518227830520,-0.522295618696,-0.515596740120,-0.520005504369,-0.505515793535,-0.511645220088,-0.503056013740
5.180000000000,-0.532031600709,-0.524246947993,-0.515543224437,-0.519504553255,-0.512598200532,-0.515990674913,-0.501498445750,-0.507744340985,-0.499465270662
5.190000000000,-0.529198267222,-0.521847093887,-0.512785157237,-0.516632394391,-0.509522778392,-0.511908530193,-0.497429795671,-0.503800608194,-0.495816291690
5.200000000000,-0.526285263612,-0.519295671308,-0.509951801418,-0.513678091411,-0.506369335302,-0.507760145762,-0.493311071650,-0.499814788311,-0.492109829843
5.210000000000,-0.523291612819,-0.516590206491,-0.507041372096,-0.510640668426,-0.503136795692,-0.503546635020,-0.489143474696,-0.495787595186,-0.488346631799
5.220000000000,-0.520216356685,-0.513728603328,-0.504052129972,-0.507519223653,-0.499824147913,-0.499269142787,-0.484928173039,-0.491719685781,-0.484527433434
5.230000000000,-0.517058556627,-0.510709145953,-0.500982384198,-0.504312928471,-0.496430445123,-0.494928838767,-0.480666296804,-0.487611656212,-0.480652955381
5.240000000000,-0.513817294296,-0.507530499855,-0.497830495142,-0.501021026248,-0.492954805986,-0.490526910911,-0.476358932816,-0.483464037990,-0.476723898640
5.250000000000,-0.510491672234,-0.504191711536,-0.494594877040,-0.497642830937,-0.489396415170,-0.486064558719,-0.472007119563,-0.479277294492,-0.472740940254
5.260000000000,-0.507080814522,-0.500692206723,-0.491274000538,-0.494177725454,-0.485754523645,-0.481542986503,-0.467611842327,-0.475051817655,-0.468704729060
5.270000000000,-0.503583867421,-0.497031787146,-0.487866395103,-0.490625159849,-0.482028448785,-0.476963396640,-0.463174028506,-0.470787924920,-0.464615881549
5.280000000000,-0.500000000000,-0.493210625916,-0.484370651310,-0.486984649279,-0.478217574279,-0.472326982847,-0.458694543155,-0.466485856447,-0.460474977835
5.290000000000,-0.496328404767,-0.489229261518,-0.480785422997,-0.483255771792,-0.474321349838,-0.467634923496,-0.454174184741,-0.462145772589,-0.456282557757
5.300000000000,-0.492568298277,-0.485088590467,-0.477109429273,-0.479438165942,-0.470339290727,-0.462888375009,-0.449613681150,-0.457767751664,-0.452039117131
5.310000000000,-0.488718921744,-0.480789858655,-0.473341456393,-0.475531528237,-0.466270977099,-0.458088465356,-0.445013685958,-0.453351788017,-0.447745104168
5.320000000000,-0.484779541633,-0.476334651437,-0.469480359477,-0.471535610438,-0.462116053157,-0.453236287677,-0.440374774969,-0.448897790392,-0.443400916069
5.330000000000,-0.480749450250,-0.471724882514,-0.465525064079,-0.467450216730,-0.457874226132,-0.448332894072,-0.435697443051,-0.444405580612,-0.439006895817
5.340000000000,-0.476627966320,-0.466962781643,-0.461474567604,-0.463275200766,-0.453545265098,-0.443379289563,-0.430982101271,-0.439874892591,-0.434563329180
5.350000000000,-0.472414435554,-0.462050881262,-0.457327940561,-0.459010462605,-0.449128999622,-0.438376426276,-0.426229074351,-0.435305371670,-0.430070441928
5.360000000000,-0.468108231202,-0.456992002064,-0.453084327665,-0.454655945568,-0.444625318259,-0.433325197858,-0.421438598451,-0.430696574287,-0.425528397300
5.370000000000,-0.463708754606,-0.451789237606,-0.448742948766,-0.450211633012,-0.440034166898,-0.428226434147,-0.416610819285,-0.426047967988,-0.420937293701
5.380000000000,-0.459215435732,-0.446445938012,-0.444303099621,-0.445677545045,-0.435355546974,-0.423080896134,-0.411745790594,-0.421358931780,-0.416297162677
5.390000000000,-0.454627733694,-0.440965692842,-0.439764152495,-0.441053735204,-0.430589513541,-0.417889271230,-0.406843472965,-0.416628756831,-0.411607967142
5.400000000000,-0.449945137264,-0.435352313209,-0.435125556608,-0.436340287102,-0.425736173236,-0.412652168858,-0.401903733019,-0.411856647510,-0.406869599896
5.410000000000,-0.445167165381,-0.429609813214,-0.430386838397,-0.431537311066,-0.420795682129,-0.407370116399,-0.396926342966,-0.407041722775,-0.402081882426
5.420000000000,-0.440293367632,-0.423742390788,-0.425547601635,-0.426644940779,-0.415768243466,-0.402043555499,-0.391910980528,-0.402183017906,-0.397244564003
5.430000000000,-0.435323324732,-0.417754408011,-0.420607527365,-0.421663329947,-0.410654105340,-0.396672838769,-0.386857229243,-0.397279486578,-0.392357321077
5.440000000000,-0.430256648988,-0.411650371008,-0.415566373685,-0.416592649006,-0.405453558265,-0.391258226883,-0.381764579141,-0.392330003263,-0.387419756990
5.450000000000,-0.425092984751,-0.405434909489,-0.410423975365,-0.411433081878,-0.400166932701,-0.385799886090,-0.376632427799,-0.387333365980,-0.382431401989
5.460000000000,-0.419832008856,-0.399112756037,-0.405180243305,-0.406184822799,-0.394794596516,-0.380297886159,-0.371460081772,-0.382288299354,-0.377391713563
5.470000000000,-0.414473431043,-0.392688725215,-0.399835163840,-0.400848073236,-0.389336952409,-0.374752198767,-0.366246758399,-0.377193457999,-0.372300077092
5.480000000000,-0.409016994375,-0.386167692588,-0.394388797884,-0.395423038898,-0.383794435299,-0.369162696334,-0.360991587974,-0.372047430215,-0.367155806820
5.490000000000,-0.403462475632,-0.379554573745,-0.388841279934,-0.389909926868,-0.378167509705,-0.363529151317,-0.355693616291,-0.366848741975,-0.361958147146
5.500000000000,-0.397809685698,-0.372854303406,-0.383192816919,-0.384308942860,-0.372456667110,-0.357851235972,-0.350351807535,-0.361595861208,-0.356706274230
5.510000000000,-0.392058469932,-0.366071814698,-0.377443686914,-0.378620288619,-0.366662423336,-0.352128522590,-0.344965047539,-0.356287202352,-0.351399297919
5.520000000000,-0.386208708524,-0.359212018690,-0.371594237712,-0.372844159479,-0.360785315945,-0.346360484193,-0.339532147366,-0.350921131179,-0.346036263984
5.530000000000,-0.380260316839,-0.352279784262,-0.365644885270,-0.366980742086,-0.354825901654,-0.340546495718,-0.334051847239,-0.345495969862,-0.340616156665
5.540000000000,-0.374213245741,-0.345279918393,-0.359596112022,-0.361030212303,-0.348784753812,-0.334685835665,-0.328522820779,-0.340010002277,-0.335137901516
5.550000000000,-0.368067481909,-0.338217146949,-0.353448465078,-0.354992733300,-0.342662459916,-0.328777688219,-0.322943679560,-0.334461479533,-0.329600368553
5.560000000000,-0.361823048136,-0.331096096043,-0.347202554307,-0.348868453852,-0.336459619205,-0.322821145833,-0.317312977948,-0.328848625693,-0.324002375686
5.570000000000,-0.355480003610,-0.323921274040,-0.340859050309,-0.342657506838,-0.330176840317,-0.316815212275,-0.311629218232,-0.323169643684,-0.318342692424
5.580000000000,-0.349038444183,-0.316697054284,-0.334418682293,-0.336360007966,-0.323814739050,-0.310758806121,-0.305890856003,-0.317422721382,-0.312620043862
5.590000000000,-0.342498502621,-0.309427658606,-0.327882235852,-0.329976054718,-0.317373936207,-0.304650764689,-0.300096305794,-0.311606037830,-0.306833114915
5.600000000000,-0.335860348846,-0.302117141682,-0.321250550667,-0.323505725524,-0.310855055561,-0.298489848403,-0.294243946940,-0.305717769598,-0.300980554804
5.610000000000,-0.329124190154,-0.294769376299,-0.314524518111,-0.316949079181,-0.304258721923,-0.292274745572,-0.288332129648,-0.299756097247,-0.295060981777
5.620000000000,-0.322290271420,-0.287388039584,-0.307705078805,-0.310306154510,-0.297585559355,-0.286004077560,-0.282359181259,-0.293719211879,-0.289072988042
5.630000000000,-0.315358875291,-0.279976600247,-0.300793220093,-0.303576970253,-0.290836189500,-0.279676404351,-0.276323412683,-0.287605321758,-0.283015144915
5.640000000000,-0.308330322356,-0.272538306892,-0.293789973468,-0.296761525226,-0.284011230068,-0.273290230468,-0.270223124978,-0.281412658980,-0.276886008150
5.650000000000,-0.301204971307,-0.265076177423,-0.286696411961,-0.289859798716,-0.277111293463,-0.266844011237,-0.264056616056,-0.275139486160,-0.270684123445
5.660000000000,-0.293983219077,-0.257592989597,-0.279513647473,-0.282871751129,-0.270136985571,-0.260336159376,-0.257822187501,-0.268784103132,-0.264408032105
5.670000000000,-0.286665500969,-0.250091272759,-0.272242828093,-0.275797324887,-0.263088904711,-0.253765051882,-0.251518151460,-0.262344853627,-0.258056276843
5.680000000000,-0.279252290761,-0.242573300760,-0.264885135390,-0.268636445569,-0.255967640747,-0.247129037189,-0.245142837604,-0.255820131908,-0.251627407699
5.690000000000,-0.271744100801,-0.235041086124,-0.257441781688,-0.261389023302,-0.248773774380,-0.240426442580,-0.238694600114,-0.249208389350,-0.245119988067
5.700000000000,-0.264141482080,-0.227496375434,-0.249914007342,-0.254054954386,-0.241507876611,-0.233655581819,-0.232171824693,-0.242508140933,-0.238532600798
5.710000000000,-0.256445024295,-0.219940645991,-0.242303078017,-0.246634123162,-0.234170508380,-0.226814762982,-0.225572935553,-0.235717971633,-0.231863854369
5.720000000000,-0.248655355886,-0.212375103720,-0.234610281976,-0.239126404101,-0.226762220390,-0.219902296450,-0.218896402381,-0.228836542687,-0.225112389093
5.730000000000,-0.240773144068,-0.204800682347,-0.226836927399,-0.231531664123,-0.219283553110,-0.212916503044,-0.212140747237,-0.221862597706,-0.218276883355
5.740000000000,-0.232799094833,-0.197218043832,-0.218984339718,-0.223849765131,-0.211735036961,-0.205855722266,-0.205304551374,-0.214794968636,-0.211356059845
5.750000000000,-0.224733952948,-0.189627580051,-0.211053859001,-0.216080566745,-0.204117192682,-0.198718320622,-0.198386461956,-0.207632581517,-0.204348691774
5.760000000000,-0.216578501926,-0.182029415713,-0.203046837379,-0.208223929240,-0.196430531880,-0.191502699980,-0.191385198641,-0.200374462043,-0.197253609058
5.770000000000,-0.208333563988,-0.174423412496,-0.194964636521,-0.200279716665,-0.188675557756,-0.184207305961,-0.184299560020,-0.193019740903,-0.190069704425
5.780000000000,-0.200000000000,-0.166809174373,-0.186808625179,-0.192247800141,-0.180852766006,-0.176830636297,-0.177128429880,-0.185567658866,-0.182795939460
5.790000000000,-0.191578709402,-0.159186054104,-0.178580176797,-0.184128061322,-0.172962645900,-0.169371249152,-0.169870783273,-0.178017571621,-0.175431350538
5.800000000000,-0.183070630113,-0.151553160852,-0.170280667197,-0.175920395999,-0.165005681525,-0.161827771363,-0.162525692363,-0.170368954330,-0.167975054636
5.810000000000,-0.174476738423,-0.143909368892,-0.161911472350,-0.167624717849,-0.156982353189,-0.154198906562,-0.155092332051,-0.162621405895,-0.160426255008
5.820000000000,-0.165798048867,-0.136253327374,-0.153473966235,-0.159240962300,-0.148893138991,-0.146483443169,-0.147569985327,-0.154774652915,-0.152784246694
5.830000000000,-0.157035614079,-0.128583471078,-0.144969518799,-0.150769090510,-0.140738516533,-0.138680262201,-0.139958048362,-0.146828553324,-0.145048421851
5.840000000000,-0.148190524639,-0.120898032122,-0.136399494011,-0.142209093429,-0.132518964782,-0.130788344885,-0.132256035292,-0.138783099698,-0.137218274889
5.850000000000,-0.139263908890,-0.113195052571,-0.127765248037,-0.133560995943,-0.124234966063,-0.122806780035,-0.124463582709,-0.130638422212,-0.129293407378
5.860000000000,-0.130256932748,-0.105472397873,-0.119068127517,-0.124824861078,-0.115887008188,-0.114734771168,-0.116580453808,-0.122394791249,-0.121273532736
5.870000000000,-0.121170799491,-0.097727771083,-0.110309467971,-0.116000794244,-0.107475586694,-0.106571643334,-0.108606542210,-0.114052619635,-0.113158480651
5.880000000000,-0.112006749533,-0.089958727781,-0.101490592322,-0.107088947511,-0.099001207197,-0.098316849620,-0.100541875415,-0.105612464513,-0.104948201243
5.890000000000,-0.102766060180,-0.082162691655,-0.092612809554,-0.098089523883,-0.090464387839,-0.089969977320,-0.092386617900,-0.097075028823,-0.096642768943
5.900000000000,-0.093450045374,-0.074336970637,-0.083677413496,-0.089002781579,-0.081865661831,-0.081530753733,-0.084141073829,-0.088441162411,-0.088242386073
5.910000000000,-0.084060055412,-0.066478773555,-0.074685681747,-0.079829038275,-0.073205580065,-0.072999051565,-0.075805689379,-0.079711862733,-0.079747386112
5.920000000000,-0.074597476656,-0.058585227209,-0.065638874738,-0.070568675312,-0.064484713796,-0.064374893926,-0.067381054666,-0.070888275182,-0.071158236642
5.930000000000,-0.065063731227,-0.050653393802,-0.056538234936,-0.061222141839,-0.055703657380,-0.055658458882,-0.058867905267,-0.061971693001,-0.062475541960
5.940000000000,-0.055460276675,-0.042680288642,-0.047384986194,-0.051789958879,-0.046863031045,-0.046850083554,-0.050267123327,-0.052963556816,-0.053700045341
5.950000000000,-0.045788605643,-0.034662898050,-0.038180333245,-0.042272723301,-0.037963483702,-0.037950267753,-0.041579738258,-0.043865453764,-0.044832630943
5.960000000000,-0.036050245509,-0.026598197391,-0.028925461341,-0.032671111681,-0.029005695767,-0.028959677111,-0.032806927003,-0.034679116229,-0.035874325360
5.970000000000,-0.026246758014,-0.018483169141,-0.019621536049,-0.022985884031,-0.019990381983,-0.019879145723,-0.023950013899,-0.025406420191,-0.026826298789
5.980000000000,-0.016379738874,-0.010314820927,-0.010269703188,-0.013217887390,-0.010918294243,-0.010709678261,-0.015010470097,-0.016049383187,-0.017689865831
5.990000000000,-0.006450817376,-0.002090203452,-0.000871088916,-0.003368059246,-0.001790224380,-0.001452451569,-0.005989912576,-0.006610161884,-0.008466485907
6.000000000000,0.003538344041,0.006193571766,0.008573200030,0.006562569211,0.007392993068,0.007891184282,0.003109897267,0.002908950705,0.000842236712
